-- --------------------------------------------------------
-- Хост:                         127.0.0.1
-- Версия сервера:               11.3.2-MariaDB - mariadb.org binary distribution
-- Операционная система:         Win64
-- HeidiSQL Версия:              12.6.0.6765
-- --------------------------------------------------------

/*!40101 SET @OLD_CHARACTER_SET_CLIENT=@@CHARACTER_SET_CLIENT */;
/*!40101 SET NAMES utf8 */;
/*!50503 SET NAMES utf8mb4 */;
/*!40103 SET @OLD_TIME_ZONE=@@TIME_ZONE */;
/*!40103 SET TIME_ZONE='+00:00' */;
/*!40014 SET @OLD_FOREIGN_KEY_CHECKS=@@FOREIGN_KEY_CHECKS, FOREIGN_KEY_CHECKS=0 */;
/*!40101 SET @OLD_SQL_MODE=@@SQL_MODE, SQL_MODE='NO_AUTO_VALUE_ON_ZERO' */;
/*!40111 SET @OLD_SQL_NOTES=@@SQL_NOTES, SQL_NOTES=0 */;


-- Дамп структуры базы данных blog_electronchik
CREATE DATABASE IF NOT EXISTS `blog_electronchik` /*!40100 DEFAULT CHARACTER SET latin1 COLLATE latin1_swedish_ci */;
USE `blog_electronchik`;

-- Дамп структуры для таблица blog_electronchik.chats
CREATE TABLE IF NOT EXISTS `chats` (
  `id` int(11) NOT NULL AUTO_INCREMENT,
  `name` text NOT NULL,
  `created_at` timestamp NOT NULL DEFAULT current_timestamp(),
  `owner_id` int(11) DEFAULT NULL,
  `leaked_id` int(11) DEFAULT NULL,
  PRIMARY KEY (`id`)
) ENGINE=InnoDB AUTO_INCREMENT=5 DEFAULT CHARSET=latin1 COLLATE=latin1_swedish_ci;

-- Дамп данных таблицы blog_electronchik.chats: ~3 rows (приблизительно)
INSERT INTO `chats` (`id`, `name`, `created_at`, `owner_id`, `leaked_id`) VALUES
	(1, 'user_test1', '2025-02-06 11:50:47', 41, NULL),
	(2, 'qwerty123', '2025-02-08 15:49:18', 42, NULL),
	(4, 'NII TZI', '2025-02-09 09:28:01', 41, 25);

-- Дамп структуры для таблица blog_electronchik.contact_us
CREATE TABLE IF NOT EXISTS `contact_us` (
  `content` longtext NOT NULL DEFAULT '',
  `json` longtext NOT NULL DEFAULT ''
) ENGINE=InnoDB DEFAULT CHARSET=latin1 COLLATE=latin1_swedish_ci;

-- Дамп данных таблицы blog_electronchik.contact_us: ~1 rows (приблизительно)
INSERT INTO `contact_us` (`content`, `json`) VALUES
	('<div class="page-text-wrapper">\n              <p>Contact Us</p>\n            </div>', '{"time":1738738258172,"blocks":[{"id":"bcJcr8cVB9","type":"p","data":{"text":"<p>Contact Us</p>"}}],"version":"2.30.1"}');

-- Дамп структуры для таблица blog_electronchik.leaked
CREATE TABLE IF NOT EXISTS `leaked` (
  `id` int(11) NOT NULL AUTO_INCREMENT,
  `created_at` timestamp NOT NULL DEFAULT current_timestamp(),
  `payout` float NOT NULL DEFAULT 0,
  `payout_unit` tinyint(4) NOT NULL DEFAULT 0,
  `company_name` varchar(255) NOT NULL,
  `website` varchar(255) DEFAULT NULL,
  `logo_url` text DEFAULT NULL,
  `blog` text NOT NULL COMMENT '0-draft, 1-publish,',
  `description` text NOT NULL,
  `user_id` int(11) NOT NULL,
  `expires` datetime DEFAULT NULL,
  `status` tinyint(4) NOT NULL DEFAULT 0,
  `builder` tinyint(4) DEFAULT 0 COMMENT '1-build',
  `publish` tinyint(4) DEFAULT 0,
  PRIMARY KEY (`id`)
) ENGINE=InnoDB AUTO_INCREMENT=26 DEFAULT CHARSET=latin1 COLLATE=latin1_swedish_ci;

-- Дамп данных таблицы blog_electronchik.leaked: ~7 rows (приблизительно)
INSERT INTO `leaked` (`id`, `created_at`, `payout`, `payout_unit`, `company_name`, `website`, `logo_url`, `blog`, `description`, `user_id`, `expires`, `status`, `builder`, `publish`) VALUES
	(1, '2025-02-06 18:14:31', 24.4, 2, 'amazon', 'amazon.by', 'https://encrypted-tbn0.gstatic.com/images?q=tbn:ANd9GcQT6ppYvn4kCipfwvI3NG3v4eXyH3EGxtRJnA&s', 'dasdasd', 'full description', 41, '2025-02-10 23:20:32', 0, 1, 1),
	(2, '2025-02-06 19:14:31', 11, 1, 'amazon', 'amazon.by', 'https://encrypted-tbn0.gstatic.com/images?q=tbn:ANd9GcQT6ppYvn4kCipfwvI3NG3v4eXyH3EGxtRJnA&s', 'dasdasdasd', 'aasdas d;as\'d asdas da', 41, NULL, 1, 0, 1),
	(4, '2025-02-06 19:14:31', 11, 1, 'test', 'test.com', 'https://encrypted-tbn0.gstatic.com/images?q=tbn:ANd9GcQT6ppYvn4kCipfwvI3NG3v4eXyH3EGxtRJnA&s', 'bla bla', 'wqeqwe,qmw eqmwle qw;ellq;w, eqw', 41, NULL, 0, 0, 1),
	(10, '2025-02-07 22:22:31', 32, 1, 'bla bla', 'bla.com', 'http://localhost:8080/static/media/Screenshot 2023-06-18 002312_1738977732.png', 'dadasdasd', 'dasdasd', 4, '2025-02-15 01:00:00', 0, 0, 1),
	(11, '2025-02-07 22:22:31', 32, 0, '', 'bla.com', 'http://localhost:8080/static/media/Screenshot 2023-06-18 002312_1738977732.png', 'dasdasd', 'vvvvv', 4, '2025-02-15 01:00:00', 0, 0, 1),
	(12, '2025-02-08 17:05:46', 32, 0, '', 'bla.com', 'http://localhost:8080/static/media/Screenshot 2023-06-18 002312_1738977732.png', '', '', 4, '2025-02-15 01:00:00', 0, 0, 0),
	(25, '2025-02-09 09:28:01', 0, 0, 'NII TZI', 'niitzi.by', '', '', '', 41, NULL, 0, 0, 0);

-- Дамп структуры для таблица blog_electronchik.leaked_screenshots
CREATE TABLE IF NOT EXISTS `leaked_screenshots` (
  `id` int(11) NOT NULL AUTO_INCREMENT,
  `leaked_id` int(11) NOT NULL,
  `screenshot_url` text NOT NULL,
  PRIMARY KEY (`id`),
  KEY `fk_leaked` (`leaked_id`),
  CONSTRAINT `fk_leaked` FOREIGN KEY (`leaked_id`) REFERENCES `leaked` (`id`) ON DELETE CASCADE
) ENGINE=InnoDB AUTO_INCREMENT=35 DEFAULT CHARSET=latin1 COLLATE=latin1_swedish_ci;

-- Дамп данных таблицы blog_electronchik.leaked_screenshots: ~14 rows (приблизительно)
INSERT INTO `leaked_screenshots` (`id`, `leaked_id`, `screenshot_url`) VALUES
	(6, 10, 'http://localhost:8080/static/media/Screenshot 2023-10-01 193810_1738977749.png'),
	(7, 10, 'http://localhost:8080/static/media/Screenshot 2023-10-01 192829_1738977749.png'),
	(8, 10, 'http://localhost:8080/static/media/Screenshot 2023-10-01 194101_1738977749.png'),
	(9, 11, 'http://localhost:8080/static/media/Screenshot 2023-10-01 193810_1738977749.png'),
	(10, 11, 'http://localhost:8080/static/media/Screenshot 2023-10-01 192829_1738977749.png'),
	(11, 11, 'http://localhost:8080/static/media/Screenshot 2023-10-01 194101_1738977749.png'),
	(27, 1, 'http://localhost:8080/static/media/1738740805142482600_Screenshot%202023-07-09%20181536.png'),
	(28, 1, 'http://localhost:8080/static/media/1738740805142482600_Screenshot%202023-07-09%20181536.png'),
	(29, 1, 'http://localhost:8080/static/media/1738740805142482600_Screenshot%202023-07-09%20181536.png'),
	(30, 1, 'http://localhost:8080/static/media/1738740805142482600_Screenshot%202023-07-09%20181536.png'),
	(31, 1, 'http://localhost:8080/static/media/1738740805142482600_Screenshot%202023-07-09%20181536.png'),
	(32, 12, 'http://localhost:8080/static/media/Screenshot 2023-10-01 193810_1738977749.png'),
	(33, 12, 'http://localhost:8080/static/media/Screenshot 2023-10-01 192829_1738977749.png'),
	(34, 12, 'http://localhost:8080/static/media/Screenshot 2023-10-01 194101_1738977749.png');

-- Дамп структуры для таблица blog_electronchik.leaked_urls
CREATE TABLE IF NOT EXISTS `leaked_urls` (
  `id` int(11) NOT NULL AUTO_INCREMENT,
  `leaked_id` int(11) NOT NULL DEFAULT 0,
  `url` text NOT NULL,
  PRIMARY KEY (`id`),
  KEY `FK_leaked_links_leaked` (`leaked_id`),
  CONSTRAINT `FK_leaked_links_leaked` FOREIGN KEY (`leaked_id`) REFERENCES `leaked` (`id`) ON DELETE NO ACTION ON UPDATE NO ACTION
) ENGINE=InnoDB AUTO_INCREMENT=22 DEFAULT CHARSET=latin1 COLLATE=latin1_swedish_ci;

-- Дамп данных таблицы blog_electronchik.leaked_urls: ~13 rows (приблизительно)
INSERT INTO `leaked_urls` (`id`, `leaked_id`, `url`) VALUES
	(3, 2, 'https://learn.microsoft.com/en-us/sql/t-sql/data-types/int-bigint-smallint-and-tinyint-transact-sql?view=sql-server-ver16'),
	(4, 4, 'https://learn.microsoft.com/en-us/sql/t-sql/data-types/int-bigint-smallint-and-tinyint-transact-sql?view=sql-server-ver16'),
	(5, 10, 'http://lynxblog.net/leaks'),
	(6, 10, 'http://lynxblog.net/leaks1'),
	(7, 10, 'http://lynxblog.net/leaks2'),
	(8, 11, 'http://lynxblog.net/leaks'),
	(9, 11, 'http://lynxblog.net/leaks1'),
	(10, 11, 'http://lynxblog.net/leaks2'),
	(17, 1, 'https://learn.microsoft.com/en-us/sql/t-sql/data-types/int-bigint-smallint-and-tinyint-transact-sql?view=sql-server-ver16'),
	(18, 1, 'https://learn.microsoft.com/en-us/sql/t-sql/data-types/int-bigint-smallint-and-tinyint-transact-sql?view=sql-server-ver16'),
	(19, 12, 'http://lynxblog.net/leaks'),
	(20, 12, 'http://lynxblog.net/leaks1'),
	(21, 12, 'http://lynxblog.net/leaks2');

-- Дамп структуры для таблица blog_electronchik.logs
CREATE TABLE IF NOT EXISTS `logs` (
  `uid` int(10) unsigned NOT NULL AUTO_INCREMENT,
  `timestamp` datetime NOT NULL DEFAULT current_timestamp(),
  `log_level_id` int(10) unsigned NOT NULL,
  `user_id` int(10) unsigned NOT NULL,
  `short_message` text NOT NULL,
  `full_message` text NOT NULL,
  `event_type_id` int(10) unsigned NOT NULL,
  `ipv4` varchar(50) CHARACTER SET latin1 COLLATE latin1_swedish_ci DEFAULT NULL,
  `is_successful` tinyint(4) NOT NULL DEFAULT 1,
  `module` int(11) DEFAULT NULL,
  PRIMARY KEY (`uid`),
  UNIQUE KEY `uid_UNIQUE` (`uid`)
) ENGINE=InnoDB AUTO_INCREMENT=8311 DEFAULT CHARSET=utf8mb3 COLLATE=utf8mb3_general_ci;

-- Дамп данных таблицы blog_electronchik.logs: ~238 rows (приблизительно)
INSERT INTO `logs` (`uid`, `timestamp`, `log_level_id`, `user_id`, `short_message`, `full_message`, `event_type_id`, `ipv4`, `is_successful`, `module`) VALUES
	(8073, '2024-10-14 12:39:06', 1, 0, 'Запуск сервера', 'Сервер прослушивает 192.168.9.2', 1, '192.168.9.2/24, fe80::be24:11ff:fefa:8abd/64', 1, NULL),
	(8074, '2024-10-15 10:42:09', 1, 3, 'Редактирование страницы', 'Редактирование страницы: page_id=59, старые данные: url_id=%!d(bool=true), is_visibility=%!v(MISSING)', 20, '192.168.0.70', 1, NULL),
	(8075, '2024-10-15 10:42:09', 1, 3, 'Страница успешно обновлена', 'Страница успешно обновлена: page_id=70, новые данные: url_id=59, is_visibility=true, update_at=2024-10-15 10:42:09', 20, '192.168.0.70', 1, NULL),
	(8076, '2024-10-15 10:50:37', 1, 0, 'Запуск сервера', 'Сервер прослушивает 192.168.9.2', 1, '192.168.9.2/24, fe80::be24:11ff:fefa:8abd/64', 1, NULL),
	(8077, '2024-10-16 13:39:41', 1, 3, 'Вход в аккаунт', 'Вход m1ron', 2, '192.168.0.70', 1, NULL),
	(8078, '2024-10-18 12:36:54', 1, 3, 'Вход в аккаунт', 'Вход m1ron', 2, '192.168.0.70', 1, NULL),
	(8079, '2024-10-21 08:23:23', 1, 0, 'Запуск сервера', 'Сервер прослушивает 192.168.9.2', 1, '192.168.9.2/24, fe80::be24:11ff:fefa:8abd/64', 1, NULL),
	(8080, '2024-10-21 09:22:07', 1, 0, 'Запуск сервера', 'Сервер прослушивает 192.168.9.2', 1, '192.168.9.2/24, fe80::be24:11ff:fefa:8abd/64', 1, NULL),
	(8081, '2024-10-22 05:42:31', 1, 3, 'Вход в аккаунт', 'Вход m1ron', 2, '192.168.0.70', 1, NULL),
	(8082, '2024-10-22 05:45:37', 1, 3, 'Редактирование страницы', 'Редактирование страницы: page_id=58, старые данные: url_id=%!d(bool=true), is_visibility=%!v(MISSING)', 20, '192.168.0.70', 1, NULL),
	(8083, '2024-10-22 05:45:38', 1, 3, 'Страница успешно обновлена', 'Страница успешно обновлена: page_id=189, новые данные: url_id=58, is_visibility=true, update_at=2024-10-22 05:45:37', 20, '192.168.0.70', 1, NULL),
	(8084, '2024-10-22 05:46:11', 1, 3, 'Редактирование страницы', 'Редактирование страницы: page_id=58, старые данные: url_id=%!d(bool=true), is_visibility=%!v(MISSING)', 20, '192.168.0.70', 1, NULL),
	(8085, '2024-10-22 05:46:11', 1, 3, 'Страница успешно обновлена', 'Страница успешно обновлена: page_id=189, новые данные: url_id=58, is_visibility=true, update_at=2024-10-22 05:46:11', 20, '192.168.0.70', 1, NULL),
	(8086, '2024-10-26 13:47:35', 1, 3, 'Вход в аккаунт', 'Вход m1ron', 2, '192.168.0.70', 1, NULL),
	(8087, '2024-10-30 05:51:47', 1, 3, 'Вход в аккаунт', 'Вход m1ron', 2, '192.168.0.70', 1, NULL),
	(8088, '2024-10-30 05:58:29', 1, 3, 'Новость успешно добавлена', 'Новость успешно добавлена: news_id=60, user_id=3, is_visibility=true', 19, '192.168.0.70', 1, NULL),
	(8089, '2024-10-30 06:00:43', 1, 3, 'Редактирование новости', 'Редактирование новости: news_id=295, старые данные: is_visibility=true', 20, '192.168.0.70', 1, NULL),
	(8090, '2024-10-30 06:00:43', 1, 3, 'Новость успешно обновлена', 'Новость успешно обновлена: news_id=60, новые данные: is_visibility=true, update_at=2024-10-30 06:00:43', 20, '192.168.0.70', 1, NULL),
	(8091, '2024-10-30 06:01:43', 1, 3, 'Редактирование новости', 'Редактирование новости: news_id=295, старые данные: is_visibility=true', 20, '192.168.0.70', 1, NULL),
	(8092, '2024-10-30 06:01:43', 1, 3, 'Новость успешно обновлена', 'Новость успешно обновлена: news_id=60, новые данные: is_visibility=true, update_at=2024-10-30 06:01:43', 20, '192.168.0.70', 1, NULL),
	(8093, '2024-10-30 06:02:29', 1, 3, 'Редактирование новости', 'Редактирование новости: news_id=295, старые данные: is_visibility=true', 20, '192.168.0.70', 1, NULL),
	(8094, '2024-10-30 06:02:29', 1, 3, 'Новость успешно обновлена', 'Новость успешно обновлена: news_id=60, новые данные: is_visibility=true, update_at=2024-10-30 06:02:29', 20, '192.168.0.70', 1, NULL),
	(8095, '2024-10-30 06:05:01', 1, 3, 'Редактирование новости', 'Редактирование новости: news_id=295, старые данные: is_visibility=true', 20, '192.168.0.70', 1, NULL),
	(8096, '2024-10-30 06:05:01', 1, 3, 'Новость успешно обновлена', 'Новость успешно обновлена: news_id=60, новые данные: is_visibility=true, update_at=2024-10-30 06:05:01', 20, '192.168.0.70', 1, NULL),
	(8097, '2024-10-30 06:08:42', 1, 3, 'Редактирование новости', 'Редактирование новости: news_id=295, старые данные: is_visibility=true', 20, '192.168.0.70', 1, NULL),
	(8098, '2024-10-30 06:08:42', 1, 3, 'Новость успешно обновлена', 'Новость успешно обновлена: news_id=60, новые данные: is_visibility=true, update_at=2024-10-30 06:08:42', 20, '192.168.0.70', 1, NULL),
	(8099, '2024-11-07 14:09:02', 1, 3, 'Редактирование страницы', 'Редактирование страницы: page_id=3, старые данные: url_id=%!d(bool=true), is_visibility=%!v(MISSING)', 20, '127.0.0.1', 1, NULL),
	(8100, '2024-11-07 14:09:10', 1, 3, 'Страница успешно обновлена', 'Страница успешно обновлена: page_id=108, новые данные: url_id=3, is_visibility=true, update_at=2024-11-07 14:09:28', 20, '127.0.0.1', 1, NULL),
	(8101, '2024-11-07 14:11:37', 3, 3, 'Новость не найдена', 'Новость с указанным ID не найдена', 21, '127.0.0.1', 1, NULL),
	(8102, '2024-11-07 14:11:38', 3, 3, 'Новость не найдена', 'Новость с указанным ID не найдена', 21, '127.0.0.1', 1, NULL),
	(8103, '2024-11-07 14:11:39', 3, 3, 'Новость не найдена', 'Новость с указанным ID не найдена', 21, '127.0.0.1', 1, NULL),
	(8104, '2024-11-07 14:11:40', 3, 3, 'Новость не найдена', 'Новость с указанным ID не найдена', 21, '127.0.0.1', 1, NULL),
	(8105, '2024-11-07 14:11:41', 3, 3, 'Новость не найдена', 'Новость с указанным ID не найдена', 21, '127.0.0.1', 1, NULL),
	(8106, '2024-11-07 14:11:41', 3, 3, 'Новость не найдена', 'Новость с указанным ID не найдена', 21, '127.0.0.1', 1, NULL),
	(8107, '2024-11-07 14:11:41', 3, 3, 'Новость не найдена', 'Новость с указанным ID не найдена', 21, '127.0.0.1', 1, NULL),
	(8108, '2024-11-07 14:11:42', 3, 3, 'Новость не найдена', 'Новость с указанным ID не найдена', 21, '127.0.0.1', 1, NULL),
	(8109, '2024-11-07 14:11:42', 3, 3, 'Новость не найдена', 'Новость с указанным ID не найдена', 21, '127.0.0.1', 1, NULL),
	(8110, '2024-11-07 14:11:45', 3, 3, 'Новость не найдена', 'Новость с указанным ID не найдена', 21, '127.0.0.1', 1, NULL),
	(8111, '2024-11-07 14:11:46', 3, 3, 'Новость не найдена', 'Новость с указанным ID не найдена', 21, '127.0.0.1', 1, NULL),
	(8112, '2024-11-07 14:11:47', 3, 3, 'Новость не найдена', 'Новость с указанным ID не найдена', 21, '127.0.0.1', 1, NULL),
	(8113, '2024-11-07 14:11:49', 3, 3, 'Новость не найдена', 'Новость с указанным ID не найдена', 21, '127.0.0.1', 1, NULL),
	(8114, '2024-11-07 14:11:50', 3, 3, 'Новость не найдена', 'Новость с указанным ID не найдена', 21, '127.0.0.1', 1, NULL),
	(8115, '2024-11-07 14:11:51', 3, 3, 'Новость не найдена', 'Новость с указанным ID не найдена', 21, '127.0.0.1', 1, NULL),
	(8116, '2024-11-07 14:11:52', 3, 3, 'Новость не найдена', 'Новость с указанным ID не найдена', 21, '127.0.0.1', 1, NULL),
	(8117, '2024-11-07 14:11:54', 3, 3, 'Новость не найдена', 'Новость с указанным ID не найдена', 21, '127.0.0.1', 1, NULL),
	(8118, '2024-11-07 14:11:54', 3, 3, 'Новость не найдена', 'Новость с указанным ID не найдена', 21, '127.0.0.1', 1, NULL),
	(8119, '2024-11-07 14:11:55', 3, 3, 'Новость не найдена', 'Новость с указанным ID не найдена', 21, '127.0.0.1', 1, NULL),
	(8120, '2024-11-07 14:11:55', 3, 3, 'Новость не найдена', 'Новость с указанным ID не найдена', 21, '127.0.0.1', 1, NULL),
	(8121, '2024-11-07 14:11:56', 3, 3, 'Новость не найдена', 'Новость с указанным ID не найдена', 21, '127.0.0.1', 1, NULL),
	(8122, '2024-11-07 14:11:56', 3, 3, 'Новость не найдена', 'Новость с указанным ID не найдена', 21, '127.0.0.1', 1, NULL),
	(8123, '2024-11-07 14:11:57', 3, 3, 'Новость не найдена', 'Новость с указанным ID не найдена', 21, '127.0.0.1', 1, NULL),
	(8124, '2024-11-07 14:11:59', 3, 3, 'Новость не найдена', 'Новость с указанным ID не найдена', 21, '127.0.0.1', 1, NULL),
	(8125, '2024-11-07 14:12:00', 3, 3, 'Новость не найдена', 'Новость с указанным ID не найдена', 21, '127.0.0.1', 1, NULL),
	(8126, '2024-11-07 14:12:01', 3, 3, 'Новость не найдена', 'Новость с указанным ID не найдена', 21, '127.0.0.1', 1, NULL),
	(8127, '2024-11-07 14:12:02', 3, 3, 'Новость не найдена', 'Новость с указанным ID не найдена', 21, '127.0.0.1', 1, NULL),
	(8128, '2024-11-07 14:12:03', 3, 3, 'Новость не найдена', 'Новость с указанным ID не найдена', 21, '127.0.0.1', 1, NULL),
	(8129, '2024-11-07 14:12:11', 3, 3, 'Новость не найдена', 'Новость с указанным ID не найдена', 21, '127.0.0.1', 1, NULL),
	(8130, '2024-11-07 14:12:12', 3, 3, 'Новость не найдена', 'Новость с указанным ID не найдена', 21, '127.0.0.1', 1, NULL),
	(8131, '2024-11-07 14:12:13', 3, 3, 'Новость не найдена', 'Новость с указанным ID не найдена', 21, '127.0.0.1', 1, NULL),
	(8132, '2024-11-07 14:12:14', 3, 3, 'Новость не найдена', 'Новость с указанным ID не найдена', 21, '127.0.0.1', 1, NULL),
	(8133, '2024-11-07 14:12:15', 3, 3, 'Новость не найдена', 'Новость с указанным ID не найдена', 21, '127.0.0.1', 1, NULL),
	(8134, '2024-11-07 14:12:16', 3, 3, 'Новость не найдена', 'Новость с указанным ID не найдена', 21, '127.0.0.1', 1, NULL),
	(8135, '2024-11-07 14:12:17', 3, 3, 'Новость не найдена', 'Новость с указанным ID не найдена', 21, '127.0.0.1', 1, NULL),
	(8136, '2024-11-07 14:12:19', 3, 3, 'Новость не найдена', 'Новость с указанным ID не найдена', 21, '127.0.0.1', 1, NULL),
	(8137, '2024-11-07 14:12:20', 3, 3, 'Новость не найдена', 'Новость с указанным ID не найдена', 21, '127.0.0.1', 1, NULL),
	(8138, '2024-11-07 14:12:21', 3, 3, 'Новость не найдена', 'Новость с указанным ID не найдена', 21, '127.0.0.1', 1, NULL),
	(8139, '2024-11-07 14:36:26', 1, 0, 'Сервер остановлен', 'Сервер остановлен', 1, 'fe80::5719:9a84:2de:601b/64, 192.168.0.10/24', 1, NULL),
	(8140, '2024-11-07 14:36:30', 1, 0, 'Запуск сервера', 'Сервер прослушивает localhost', 1, 'fe80::5719:9a84:2de:601b/64, 192.168.0.10/24', 1, NULL),
	(8141, '2024-11-07 14:40:15', 1, 0, 'Сервер остановлен', 'Сервер остановлен', 1, 'fe80::5719:9a84:2de:601b/64, 192.168.0.10/24', 1, NULL),
	(8142, '2024-11-08 09:09:48', 1, 0, 'Запуск сервера', 'Сервер прослушивает localhost', 1, 'fe80::5719:9a84:2de:601b/64, 192.168.0.10/24', 1, NULL),
	(8143, '2024-11-08 09:10:21', 3, 3, 'Ошибка генерации страницы', 'ошибка при синхронизации папки: ошибка при выполнении rsync: exec: "rsync": executable file not found in %PATH%\n', 18, '127.0.0.1', 1, NULL),
	(8144, '2024-11-08 09:10:44', 3, 3, 'Ошибка генерации страницы', 'ошибка при синхронизации папки: ошибка при выполнении rsync: exec: "rsync": executable file not found in %PATH%\n', 18, '127.0.0.1', 1, NULL),
	(8145, '2024-11-08 09:11:30', 3, 3, 'Ошибка генерации страницы', 'ошибка при синхронизации папки: ошибка при выполнении rsync: exec: "rsync": executable file not found in %PATH%\n', 18, '127.0.0.1', 1, NULL),
	(8146, '2024-11-08 09:11:32', 1, 0, 'Сервер остановлен', 'Сервер остановлен', 1, 'fe80::5719:9a84:2de:601b/64, 192.168.0.10/24', 1, NULL),
	(8147, '2024-11-08 09:11:53', 1, 0, 'Запуск сервера', 'Сервер прослушивает localhost', 1, 'fe80::5719:9a84:2de:601b/64, 192.168.0.10/24', 1, NULL),
	(8148, '2024-11-08 09:19:18', 1, 0, 'Сервер остановлен', 'Сервер остановлен', 1, 'fe80::5719:9a84:2de:601b/64, 192.168.0.10/24', 1, NULL),
	(8149, '2024-11-08 09:19:24', 1, 0, 'Запуск сервера', 'Сервер прослушивает localhost', 1, 'fe80::5719:9a84:2de:601b/64, 192.168.0.10/24', 1, NULL),
	(8150, '2024-11-08 13:02:45', 1, 0, 'Запуск сервера', 'Сервер прослушивает localhost', 1, 'fe80::5719:9a84:2de:601b/64, 192.168.0.10/24', 1, NULL),
	(8151, '2024-11-08 13:26:28', 1, 3, 'Редактирование страницы', 'Редактирование страницы: page_id=51, старые данные: url_id=%!d(bool=true), is_visibility=%!v(MISSING)', 20, '127.0.0.1', 1, NULL),
	(8152, '2024-11-08 13:26:29', 1, 3, 'Страница успешно обновлена', 'Страница успешно обновлена: page_id=111, новые данные: url_id=51, is_visibility=true, update_at=2024-11-08 10:26:28', 20, '127.0.0.1', 1, NULL),
	(8153, '2024-11-08 13:28:54', 1, 3, 'Редактирование страницы', 'Редактирование страницы: page_id=51, старые данные: url_id=%!d(bool=true), is_visibility=%!v(MISSING)', 20, '127.0.0.1', 1, NULL),
	(8154, '2024-11-08 13:28:55', 1, 3, 'Страница успешно обновлена', 'Страница успешно обновлена: page_id=111, новые данные: url_id=51, is_visibility=true, update_at=2024-11-08 10:28:54', 20, '127.0.0.1', 1, NULL),
	(8155, '2024-11-08 13:36:47', 1, 3, 'Редактирование страницы', 'Редактирование страницы: page_id=51, старые данные: url_id=%!d(bool=true), is_visibility=%!v(MISSING)', 20, '127.0.0.1', 1, NULL),
	(8156, '2024-11-08 13:36:47', 1, 3, 'Страница успешно обновлена', 'Страница успешно обновлена: page_id=111, новые данные: url_id=51, is_visibility=true, update_at=2024-11-08 10:36:47', 20, '127.0.0.1', 1, NULL),
	(8157, '2024-11-08 13:38:34', 1, 3, 'Редактирование страницы', 'Редактирование страницы: page_id=51, старые данные: url_id=%!d(bool=true), is_visibility=%!v(MISSING)', 20, '127.0.0.1', 1, NULL),
	(8158, '2024-11-08 13:38:34', 1, 3, 'Страница успешно обновлена', 'Страница успешно обновлена: page_id=111, новые данные: url_id=51, is_visibility=true, update_at=2024-11-08 10:38:34', 20, '127.0.0.1', 1, NULL),
	(8159, '2024-11-08 13:40:10', 1, 3, 'Редактирование страницы', 'Редактирование страницы: page_id=51, старые данные: url_id=%!d(bool=true), is_visibility=%!v(MISSING)', 20, '127.0.0.1', 1, NULL),
	(8160, '2024-11-08 13:40:11', 1, 3, 'Страница успешно обновлена', 'Страница успешно обновлена: page_id=111, новые данные: url_id=51, is_visibility=true, update_at=2024-11-08 10:40:10', 20, '127.0.0.1', 1, NULL),
	(8161, '2024-11-08 13:40:47', 1, 3, 'Редактирование страницы', 'Редактирование страницы: page_id=51, старые данные: url_id=%!d(bool=true), is_visibility=%!v(MISSING)', 20, '127.0.0.1', 1, NULL),
	(8162, '2024-11-08 13:40:48', 1, 3, 'Страница успешно обновлена', 'Страница успешно обновлена: page_id=111, новые данные: url_id=51, is_visibility=true, update_at=2024-11-08 10:40:47', 20, '127.0.0.1', 1, NULL),
	(8163, '2024-11-08 13:54:54', 1, 3, 'Редактирование страницы', 'Редактирование страницы: page_id=58, старые данные: url_id=%!d(bool=true), is_visibility=%!v(MISSING)', 20, '127.0.0.1', 1, NULL),
	(8164, '2024-11-08 13:54:54', 1, 3, 'Страница успешно обновлена', 'Страница успешно обновлена: page_id=189, новые данные: url_id=58, is_visibility=true, update_at=2024-11-08 10:54:54', 20, '127.0.0.1', 1, NULL),
	(8165, '2024-11-08 14:09:29', 1, 3, 'Редактирование страницы', 'Редактирование страницы: page_id=58, старые данные: url_id=%!d(bool=true), is_visibility=%!v(MISSING)', 20, '127.0.0.1', 1, NULL),
	(8166, '2024-11-08 14:09:30', 1, 3, 'Страница успешно обновлена', 'Страница успешно обновлена: page_id=189, новые данные: url_id=58, is_visibility=true, update_at=2024-11-08 11:09:29', 20, '127.0.0.1', 1, NULL),
	(8167, '2024-11-08 14:18:39', 1, 3, 'Редактирование страницы', 'Редактирование страницы: page_id=58, старые данные: url_id=%!d(bool=true), is_visibility=%!v(MISSING)', 20, '127.0.0.1', 1, NULL),
	(8168, '2024-11-08 14:18:39', 1, 3, 'Страница успешно обновлена', 'Страница успешно обновлена: page_id=189, новые данные: url_id=58, is_visibility=true, update_at=2024-11-08 11:18:39', 20, '127.0.0.1', 1, NULL),
	(8169, '2024-11-08 14:26:03', 1, 0, 'Сервер остановлен', 'Сервер остановлен', 1, 'fe80::5719:9a84:2de:601b/64, 192.168.0.10/24', 1, NULL),
	(8170, '2024-11-08 14:26:05', 1, 0, 'Запуск сервера', 'Сервер прослушивает localhost', 1, 'fe80::5719:9a84:2de:601b/64, 192.168.0.10/24', 1, NULL),
	(8171, '2024-11-08 14:28:13', 1, 0, 'Сервер остановлен', 'Сервер остановлен', 1, 'fe80::5719:9a84:2de:601b/64, 192.168.0.10/24', 1, NULL),
	(8172, '2024-11-08 14:28:16', 1, 0, 'Запуск сервера', 'Сервер прослушивает localhost', 1, 'fe80::5719:9a84:2de:601b/64, 192.168.0.10/24', 1, NULL),
	(8173, '2024-11-08 14:28:54', 1, 0, 'Сервер остановлен', 'Сервер остановлен', 1, 'fe80::5719:9a84:2de:601b/64, 192.168.0.10/24', 1, NULL),
	(8174, '2024-11-08 14:28:57', 1, 0, 'Запуск сервера', 'Сервер прослушивает localhost', 1, 'fe80::5719:9a84:2de:601b/64, 192.168.0.10/24', 1, NULL),
	(8175, '2024-11-08 14:29:52', 1, 0, 'Сервер остановлен', 'Сервер остановлен', 1, 'fe80::5719:9a84:2de:601b/64, 192.168.0.10/24', 1, NULL),
	(8176, '2024-11-08 14:29:54', 1, 0, 'Запуск сервера', 'Сервер прослушивает localhost', 1, 'fe80::5719:9a84:2de:601b/64, 192.168.0.10/24', 1, NULL),
	(8177, '2024-11-08 14:30:20', 1, 0, 'Сервер остановлен', 'Сервер остановлен', 1, 'fe80::5719:9a84:2de:601b/64, 192.168.0.10/24', 1, NULL),
	(8178, '2024-11-08 14:30:23', 1, 0, 'Запуск сервера', 'Сервер прослушивает localhost', 1, 'fe80::5719:9a84:2de:601b/64, 192.168.0.10/24', 1, NULL),
	(8179, '2024-11-08 14:50:19', 1, 3, 'Редактирование страницы', 'Редактирование страницы: page_id=66, старые данные: url_id=%!d(bool=true), is_visibility=%!v(MISSING)', 20, '127.0.0.1', 1, NULL),
	(8180, '2024-11-08 14:50:19', 1, 3, 'Страница успешно обновлена', 'Страница успешно обновлена: page_id=188, новые данные: url_id=66, is_visibility=true, update_at=2024-11-08 11:50:19', 20, '127.0.0.1', 1, NULL),
	(8181, '2024-11-08 19:59:10', 1, 3, 'Вход в аккаунт', 'Вход m1ron', 2, '127.0.0.1', 1, NULL),
	(8182, '2024-11-08 19:59:50', 1, 3, 'Редактирование страницы', 'Редактирование страницы: page_id=3, старые данные: url_id=%!d(bool=true), is_visibility=%!v(MISSING)', 20, '127.0.0.1', 1, NULL),
	(8183, '2024-11-08 19:59:50', 1, 3, 'Страница успешно обновлена', 'Страница успешно обновлена: page_id=108, новые данные: url_id=3, is_visibility=true, update_at=2024-11-08 16:59:50', 20, '127.0.0.1', 1, NULL),
	(8184, '2024-11-08 20:01:12', 1, 3, 'Редактирование страницы', 'Редактирование страницы: page_id=3, старые данные: url_id=%!d(bool=true), is_visibility=%!v(MISSING)', 20, '127.0.0.1', 1, NULL),
	(8185, '2024-11-08 20:01:12', 1, 3, 'Страница успешно обновлена', 'Страница успешно обновлена: page_id=108, новые данные: url_id=3, is_visibility=true, update_at=2024-11-08 17:01:12', 20, '127.0.0.1', 1, NULL),
	(8186, '2024-11-08 20:03:10', 1, 3, 'Редактирование страницы', 'Редактирование страницы: page_id=3, старые данные: url_id=%!d(bool=true), is_visibility=%!v(MISSING)', 20, '127.0.0.1', 1, NULL),
	(8187, '2024-11-08 20:03:10', 1, 3, 'Страница успешно обновлена', 'Страница успешно обновлена: page_id=108, новые данные: url_id=3, is_visibility=true, update_at=2024-11-08 17:03:10', 20, '127.0.0.1', 1, NULL),
	(8188, '2024-11-08 20:05:33', 1, 3, 'Редактирование страницы', 'Редактирование страницы: page_id=3, старые данные: url_id=%!d(bool=true), is_visibility=%!v(MISSING)', 20, '127.0.0.1', 1, NULL),
	(8189, '2024-11-08 20:05:33', 1, 3, 'Страница успешно обновлена', 'Страница успешно обновлена: page_id=108, новые данные: url_id=3, is_visibility=true, update_at=2024-11-08 17:05:33', 20, '127.0.0.1', 1, NULL),
	(8190, '2024-11-08 20:05:50', 1, 3, 'Редактирование страницы', 'Редактирование страницы: page_id=3, старые данные: url_id=%!d(bool=true), is_visibility=%!v(MISSING)', 20, '127.0.0.1', 1, NULL),
	(8191, '2024-11-08 20:05:51', 1, 3, 'Страница успешно обновлена', 'Страница успешно обновлена: page_id=108, новые данные: url_id=3, is_visibility=true, update_at=2024-11-08 17:05:50', 20, '127.0.0.1', 1, NULL),
	(8192, '2024-11-08 20:06:03', 1, 3, 'Редактирование страницы', 'Редактирование страницы: page_id=3, старые данные: url_id=%!d(bool=true), is_visibility=%!v(MISSING)', 20, '127.0.0.1', 1, NULL),
	(8193, '2024-11-08 20:06:03', 1, 3, 'Страница успешно обновлена', 'Страница успешно обновлена: page_id=108, новые данные: url_id=3, is_visibility=true, update_at=2024-11-08 17:06:03', 20, '127.0.0.1', 1, NULL),
	(8194, '2024-11-08 20:06:43', 1, 3, 'Редактирование страницы', 'Редактирование страницы: page_id=3, старые данные: url_id=%!d(bool=true), is_visibility=%!v(MISSING)', 20, '127.0.0.1', 1, NULL),
	(8195, '2024-11-08 20:06:43', 1, 3, 'Страница успешно обновлена', 'Страница успешно обновлена: page_id=108, новые данные: url_id=3, is_visibility=true, update_at=2024-11-08 17:06:43', 20, '127.0.0.1', 1, NULL),
	(8196, '2024-11-08 20:14:35', 1, 3, 'Редактирование страницы', 'Редактирование страницы: page_id=3, старые данные: url_id=%!d(bool=true), is_visibility=%!v(MISSING)', 20, '127.0.0.1', 1, NULL),
	(8197, '2024-11-08 20:14:36', 1, 3, 'Страница успешно обновлена', 'Страница успешно обновлена: page_id=108, новые данные: url_id=3, is_visibility=true, update_at=2024-11-08 17:14:35', 20, '127.0.0.1', 1, NULL),
	(8198, '2024-11-08 20:14:52', 1, 3, 'Редактирование страницы', 'Редактирование страницы: page_id=3, старые данные: url_id=%!d(bool=true), is_visibility=%!v(MISSING)', 20, '127.0.0.1', 1, NULL),
	(8199, '2024-11-08 20:14:53', 1, 3, 'Страница успешно обновлена', 'Страница успешно обновлена: page_id=108, новые данные: url_id=3, is_visibility=true, update_at=2024-11-08 17:14:52', 20, '127.0.0.1', 1, NULL),
	(8200, '2024-11-08 20:15:42', 1, 3, 'Редактирование страницы', 'Редактирование страницы: page_id=3, старые данные: url_id=%!d(bool=true), is_visibility=%!v(MISSING)', 20, '127.0.0.1', 1, NULL),
	(8201, '2024-11-08 20:15:43', 1, 3, 'Страница успешно обновлена', 'Страница успешно обновлена: page_id=108, новые данные: url_id=3, is_visibility=true, update_at=2024-11-08 17:15:42', 20, '127.0.0.1', 1, NULL),
	(8202, '2024-11-08 20:22:35', 1, 3, 'Редактирование страницы', 'Редактирование страницы: page_id=3, старые данные: url_id=%!d(bool=true), is_visibility=%!v(MISSING)', 20, '127.0.0.1', 1, NULL),
	(8203, '2024-11-08 20:22:35', 1, 3, 'Страница успешно обновлена', 'Страница успешно обновлена: page_id=108, новые данные: url_id=3, is_visibility=true, update_at=2024-11-08 17:22:35', 20, '127.0.0.1', 1, NULL),
	(8204, '2024-11-08 20:26:23', 1, 3, 'Редактирование страницы', 'Редактирование страницы: page_id=3, старые данные: url_id=%!d(bool=true), is_visibility=%!v(MISSING)', 20, '127.0.0.1', 1, NULL),
	(8205, '2024-11-08 20:26:24', 1, 3, 'Страница успешно обновлена', 'Страница успешно обновлена: page_id=108, новые данные: url_id=3, is_visibility=true, update_at=2024-11-08 17:26:23', 20, '127.0.0.1', 1, NULL),
	(8206, '2024-11-08 20:32:41', 1, 3, 'Редактирование страницы', 'Редактирование страницы: page_id=3, старые данные: url_id=%!d(bool=true), is_visibility=%!v(MISSING)', 20, '127.0.0.1', 1, NULL),
	(8207, '2024-11-08 20:32:41', 1, 3, 'Страница успешно обновлена', 'Страница успешно обновлена: page_id=108, новые данные: url_id=3, is_visibility=true, update_at=2024-11-08 17:32:41', 20, '127.0.0.1', 1, NULL),
	(8208, '2024-11-08 20:35:31', 1, 3, 'Редактирование страницы', 'Редактирование страницы: page_id=52, старые данные: url_id=%!d(bool=true), is_visibility=%!v(MISSING)', 20, '127.0.0.1', 1, NULL),
	(8209, '2024-11-08 20:35:31', 1, 3, 'Страница успешно обновлена', 'Страница успешно обновлена: page_id=112, новые данные: url_id=52, is_visibility=true, update_at=2024-11-08 17:35:31', 20, '127.0.0.1', 1, NULL),
	(8210, '2024-11-08 20:38:01', 1, 3, 'Редактирование страницы', 'Редактирование страницы: page_id=52, старые данные: url_id=%!d(bool=true), is_visibility=%!v(MISSING)', 20, '127.0.0.1', 1, NULL),
	(8211, '2024-11-08 20:38:02', 1, 3, 'Страница успешно обновлена', 'Страница успешно обновлена: page_id=112, новые данные: url_id=52, is_visibility=true, update_at=2024-11-08 17:38:01', 20, '127.0.0.1', 1, NULL),
	(8212, '2024-11-08 20:53:22', 1, 3, 'Редактирование страницы', 'Редактирование страницы: page_id=2, старые данные: url_id=%!d(bool=true), is_visibility=%!v(MISSING)', 20, '127.0.0.1', 1, NULL),
	(8213, '2024-11-08 20:53:22', 1, 3, 'Страница успешно обновлена', 'Страница успешно обновлена: page_id=36, новые данные: url_id=2, is_visibility=true, update_at=2024-11-08 17:53:22', 20, '127.0.0.1', 1, NULL),
	(8214, '2024-11-08 20:53:52', 1, 3, 'Редактирование страницы', 'Редактирование страницы: page_id=2, старые данные: url_id=%!d(bool=true), is_visibility=%!v(MISSING)', 20, '127.0.0.1', 1, NULL),
	(8215, '2024-11-08 20:53:53', 1, 3, 'Страница успешно обновлена', 'Страница успешно обновлена: page_id=36, новые данные: url_id=2, is_visibility=true, update_at=2024-11-08 17:53:52', 20, '127.0.0.1', 1, NULL),
	(8216, '2024-11-10 15:55:04', 1, 0, 'Запуск сервера', 'Сервер прослушивает localhost', 1, 'fe80::5719:9a84:2de:601b/64, 192.168.0.10/24', 1, NULL),
	(8217, '2024-11-10 15:55:22', 1, 3, 'Вход в аккаунт', 'Вход m1ron', 2, '127.0.0.1', 1, NULL),
	(8218, '2024-11-10 16:25:59', 1, 3, 'Редактирование страницы', 'Редактирование страницы: page_id=6, старые данные: url_id=%!d(bool=true), is_visibility=%!v(MISSING)', 20, '127.0.0.1', 1, NULL),
	(8219, '2024-11-10 16:25:59', 1, 3, 'Страница успешно обновлена', 'Страница успешно обновлена: page_id=71, новые данные: url_id=6, is_visibility=true, update_at=2024-11-10 13:25:59', 20, '127.0.0.1', 1, NULL),
	(8220, '2024-11-10 17:07:24', 1, 3, 'Редактирование страницы', 'Редактирование страницы: page_id=6, старые данные: url_id=%!d(bool=true), is_visibility=%!v(MISSING)', 20, '127.0.0.1', 1, NULL),
	(8221, '2024-11-10 17:07:24', 1, 3, 'Страница успешно обновлена', 'Страница успешно обновлена: page_id=71, новые данные: url_id=6, is_visibility=true, update_at=2024-11-10 14:07:24', 20, '127.0.0.1', 1, NULL),
	(8222, '2024-11-10 17:11:12', 1, 3, 'Редактирование страницы', 'Редактирование страницы: page_id=6, старые данные: url_id=%!d(bool=true), is_visibility=%!v(MISSING)', 20, '127.0.0.1', 1, NULL),
	(8223, '2024-11-10 17:11:12', 1, 3, 'Страница успешно обновлена', 'Страница успешно обновлена: page_id=71, новые данные: url_id=6, is_visibility=true, update_at=2024-11-10 14:11:12', 20, '127.0.0.1', 1, NULL),
	(8224, '2024-11-10 17:11:53', 1, 3, 'Редактирование страницы', 'Редактирование страницы: page_id=6, старые данные: url_id=%!d(bool=true), is_visibility=%!v(MISSING)', 20, '127.0.0.1', 1, NULL),
	(8225, '2024-11-10 17:11:53', 1, 3, 'Страница успешно обновлена', 'Страница успешно обновлена: page_id=71, новые данные: url_id=6, is_visibility=true, update_at=2024-11-10 14:11:53', 20, '127.0.0.1', 1, NULL),
	(8226, '2024-11-15 18:47:15', 1, 0, 'Запуск сервера', 'Сервер прослушивает localhost', 1, 'fe80::5719:9a84:2de:601b/64, 192.168.0.10/24', 1, NULL),
	(8227, '2024-11-15 18:47:38', 1, 3, 'Вход в аккаунт', 'Вход m1ron', 2, '127.0.0.1', 1, NULL),
	(8228, '2024-11-15 19:00:12', 1, 0, 'Запуск сервера', 'Сервер прослушивает localhost', 1, 'fe80::5719:9a84:2de:601b/64, 192.168.0.10/24', 1, NULL),
	(8229, '2024-11-17 14:32:09', 1, 0, 'Запуск сервера', 'Сервер прослушивает localhost', 1, 'fe80::5719:9a84:2de:601b/64, 192.168.0.10/24', 1, NULL),
	(8230, '2024-11-17 14:33:48', 1, 3, 'Вход в аккаунт', 'Вход m1ron', 2, '127.0.0.1', 1, NULL),
	(8231, '2024-11-17 15:31:44', 1, 3, 'Редактирование страницы', 'Редактирование страницы: page_id=53, старые данные: url_id=%!d(bool=true), is_visibility=%!v(MISSING)', 20, '127.0.0.1', 1, NULL),
	(8232, '2024-11-17 15:31:45', 1, 3, 'Страница успешно обновлена', 'Страница успешно обновлена: page_id=113, новые данные: url_id=53, is_visibility=true, update_at=2024-11-17 12:31:44', 20, '127.0.0.1', 1, NULL),
	(8233, '2024-11-17 15:32:51', 1, 3, 'Редактирование страницы', 'Редактирование страницы: page_id=72, старые данные: url_id=%!d(bool=true), is_visibility=%!v(MISSING)', 20, '127.0.0.1', 1, NULL),
	(8234, '2024-11-17 15:32:52', 1, 3, 'Страница успешно обновлена', 'Страница успешно обновлена: page_id=138, новые данные: url_id=72, is_visibility=true, update_at=2024-11-17 12:32:51', 20, '127.0.0.1', 1, NULL),
	(8235, '2024-11-17 15:55:52', 1, 3, 'Редактирование страницы', 'Редактирование страницы: page_id=2, старые данные: url_id=%!d(bool=true), is_visibility=%!v(MISSING)', 20, '127.0.0.1', 1, NULL),
	(8236, '2024-11-17 15:55:53', 1, 3, 'Страница успешно обновлена', 'Страница успешно обновлена: page_id=36, новые данные: url_id=2, is_visibility=true, update_at=2024-11-17 12:55:52', 20, '127.0.0.1', 1, NULL),
	(8237, '2024-11-17 15:57:49', 1, 3, 'Редактирование страницы', 'Редактирование страницы: page_id=59, старые данные: url_id=%!d(bool=true), is_visibility=%!v(MISSING)', 20, '127.0.0.1', 1, NULL),
	(8238, '2024-11-17 15:57:50', 1, 3, 'Страница успешно обновлена', 'Страница успешно обновлена: page_id=70, новые данные: url_id=59, is_visibility=true, update_at=2024-11-17 12:57:49', 20, '127.0.0.1', 1, NULL),
	(8239, '2024-11-17 16:03:47', 1, 3, 'Редактирование страницы', 'Редактирование страницы: page_id=59, старые данные: url_id=%!d(bool=true), is_visibility=%!v(MISSING)', 20, '127.0.0.1', 1, NULL),
	(8240, '2024-11-17 16:03:47', 1, 3, 'Страница успешно обновлена', 'Страница успешно обновлена: page_id=70, новые данные: url_id=59, is_visibility=true, update_at=2024-11-17 13:03:47', 20, '127.0.0.1', 1, NULL),
	(8241, '2024-11-17 16:19:18', 1, 3, 'Редактирование страницы', 'Редактирование страницы: page_id=59, старые данные: url_id=%!d(bool=true), is_visibility=%!v(MISSING)', 20, '127.0.0.1', 1, NULL),
	(8242, '2024-11-17 16:19:18', 1, 3, 'Страница успешно обновлена', 'Страница успешно обновлена: page_id=70, новые данные: url_id=59, is_visibility=true, update_at=2024-11-17 13:19:18', 20, '127.0.0.1', 1, NULL),
	(8243, '2024-11-17 16:24:52', 1, 3, 'Редактирование страницы', 'Редактирование страницы: page_id=60, старые данные: url_id=%!d(bool=true), is_visibility=%!v(MISSING)', 20, '127.0.0.1', 1, NULL),
	(8244, '2024-11-17 16:24:52', 1, 3, 'Страница успешно обновлена', 'Страница успешно обновлена: page_id=68, новые данные: url_id=60, is_visibility=true, update_at=2024-11-17 13:24:52', 20, '127.0.0.1', 1, NULL),
	(8245, '2024-11-17 16:26:20', 1, 3, 'Редактирование страницы', 'Редактирование страницы: page_id=60, старые данные: url_id=%!d(bool=true), is_visibility=%!v(MISSING)', 20, '127.0.0.1', 1, NULL),
	(8246, '2024-11-17 16:26:20', 1, 3, 'Страница успешно обновлена', 'Страница успешно обновлена: page_id=68, новые данные: url_id=60, is_visibility=true, update_at=2024-11-17 13:26:20', 20, '127.0.0.1', 1, NULL),
	(8247, '2024-11-17 16:26:36', 1, 3, 'Редактирование страницы', 'Редактирование страницы: page_id=60, старые данные: url_id=%!d(bool=true), is_visibility=%!v(MISSING)', 20, '127.0.0.1', 1, NULL),
	(8248, '2024-11-17 16:26:37', 1, 3, 'Страница успешно обновлена', 'Страница успешно обновлена: page_id=68, новые данные: url_id=60, is_visibility=true, update_at=2024-11-17 13:26:36', 20, '127.0.0.1', 1, NULL),
	(8249, '2024-11-17 17:22:20', 1, 3, 'Редактирование страницы', 'Редактирование страницы: page_id=31, старые данные: url_id=%!d(bool=true), is_visibility=%!v(MISSING)', 20, '127.0.0.1', 1, NULL),
	(8250, '2024-11-17 17:22:20', 1, 3, 'Страница успешно обновлена', 'Страница успешно обновлена: page_id=84, новые данные: url_id=31, is_visibility=true, update_at=2024-11-17 14:22:20', 20, '127.0.0.1', 1, NULL),
	(8251, '2024-11-17 17:27:47', 1, 3, 'Редактирование страницы', 'Редактирование страницы: page_id=61, старые данные: url_id=%!d(bool=true), is_visibility=%!v(MISSING)', 20, '127.0.0.1', 1, NULL),
	(8252, '2024-11-17 17:27:47', 1, 3, 'Страница успешно обновлена', 'Страница успешно обновлена: page_id=127, новые данные: url_id=61, is_visibility=true, update_at=2024-11-17 14:27:47', 20, '127.0.0.1', 1, NULL),
	(8253, '2024-11-17 17:28:30', 1, 3, 'Редактирование страницы', 'Редактирование страницы: page_id=6, старые данные: url_id=%!d(bool=true), is_visibility=%!v(MISSING)', 20, '127.0.0.1', 1, NULL),
	(8254, '2024-11-17 17:28:31', 1, 3, 'Страница успешно обновлена', 'Страница успешно обновлена: page_id=71, новые данные: url_id=6, is_visibility=true, update_at=2024-11-17 14:28:30', 20, '127.0.0.1', 1, NULL),
	(8255, '2024-11-17 17:48:21', 1, 3, 'Редактирование страницы', 'Редактирование страницы: page_id=49, старые данные: url_id=%!d(bool=true), is_visibility=%!v(MISSING)', 20, '127.0.0.1', 1, NULL),
	(8256, '2024-11-17 17:48:22', 1, 3, 'Страница успешно обновлена', 'Страница успешно обновлена: page_id=109, новые данные: url_id=49, is_visibility=true, update_at=2024-11-17 14:48:21', 20, '127.0.0.1', 1, NULL),
	(8257, '2024-11-17 18:53:55', 1, 3, 'Редактирование страницы', 'Редактирование страницы: page_id=64, старые данные: url_id=%!d(bool=true), is_visibility=%!v(MISSING)', 20, '127.0.0.1', 1, NULL),
	(8258, '2024-11-17 18:53:55', 1, 3, 'Страница успешно обновлена', 'Страница успешно обновлена: page_id=126, новые данные: url_id=64, is_visibility=true, update_at=2024-11-17 15:53:55', 20, '127.0.0.1', 1, NULL),
	(8259, '2024-11-17 18:55:47', 1, 3, 'Редактирование страницы', 'Редактирование страницы: page_id=62, старые данные: url_id=%!d(bool=true), is_visibility=%!v(MISSING)', 20, '127.0.0.1', 1, NULL),
	(8260, '2024-11-17 18:55:47', 1, 3, 'Страница успешно обновлена', 'Страница успешно обновлена: page_id=128, новые данные: url_id=62, is_visibility=true, update_at=2024-11-17 15:55:47', 20, '127.0.0.1', 1, NULL),
	(8261, '2024-11-17 19:03:42', 1, 3, 'Редактирование страницы', 'Редактирование страницы: page_id=4, старые данные: url_id=%!d(bool=true), is_visibility=%!v(MISSING)', 20, '127.0.0.1', 1, NULL),
	(8262, '2024-11-17 19:03:42', 1, 3, 'Страница успешно обновлена', 'Страница успешно обновлена: page_id=110, новые данные: url_id=4, is_visibility=true, update_at=2024-11-17 16:03:42', 20, '127.0.0.1', 1, NULL),
	(8263, '2024-11-17 20:59:32', 1, 3, 'Редактирование страницы', 'Редактирование страницы: page_id=65, старые данные: url_id=%!d(bool=true), is_visibility=%!v(MISSING)', 20, '127.0.0.1', 1, NULL),
	(8264, '2024-11-17 20:59:32', 1, 3, 'Страница успешно обновлена', 'Страница успешно обновлена: page_id=130, новые данные: url_id=65, is_visibility=true, update_at=2024-11-17 17:59:32', 20, '127.0.0.1', 1, NULL),
	(8265, '2024-11-19 07:05:07', 1, 0, 'Сервер остановлен', 'Сервер остановлен', 1, 'fe80::1336:7019:d7df:6215/64, 192.168.150.183/24', 1, NULL),
	(8266, '2024-11-30 09:44:02', 1, 0, 'Запуск сервера', 'Сервер прослушивает localhost', 1, 'fe80::5719:9a84:2de:601b/64, 192.168.0.10/24', 1, NULL),
	(8267, '2024-11-30 10:17:16', 1, 3, 'Редактирование страницы', 'Редактирование страницы: page_id=57, старые данные: url_id=%!d(bool=true), is_visibility=%!v(MISSING)', 20, '127.0.0.1', 1, NULL),
	(8268, '2024-11-30 10:17:38', 1, 3, 'Страница успешно обновлена', 'Страница успешно обновлена: page_id=117, новые данные: url_id=57, is_visibility=true, update_at=2024-11-30 10:17:25', 20, '127.0.0.1', 1, NULL),
	(8269, '2024-11-30 10:32:19', 1, 3, 'Редактирование страницы', 'Редактирование страницы: page_id=57, старые данные: url_id=%!d(bool=true), is_visibility=%!v(MISSING)', 20, '127.0.0.1', 1, NULL),
	(8270, '2024-11-30 10:32:42', 1, 3, 'Страница успешно обновлена', 'Страница успешно обновлена: page_id=117, новые данные: url_id=57, is_visibility=true, update_at=2024-11-30 10:32:28', 20, '127.0.0.1', 1, NULL),
	(8271, '2024-11-30 10:32:55', 1, 0, 'Сервер остановлен', 'Сервер остановлен', 1, 'fe80::5719:9a84:2de:601b/64, 192.168.0.10/24', 1, NULL),
	(8272, '2024-11-30 13:35:34', 1, 0, 'Сервер остановлен', 'Сервер остановлен', 1, 'fe80::5719:9a84:2de:601b/64, 192.168.0.10/24', 1, NULL),
	(8273, '2024-11-30 13:35:36', 1, 0, 'Запуск сервера', 'Сервер прослушивает localhost', 1, 'fe80::5719:9a84:2de:601b/64, 192.168.0.10/24', 1, NULL),
	(8274, '2024-11-30 13:36:30', 1, 3, 'Редактирование страницы', 'Редактирование страницы: page_id=57, старые данные: url_id=%!d(bool=true), is_visibility=%!v(MISSING)', 20, '127.0.0.1', 1, NULL),
	(8275, '2024-11-30 13:36:31', 1, 3, 'Страница успешно обновлена', 'Страница успешно обновлена: page_id=117, новые данные: url_id=57, is_visibility=true, update_at=2024-11-30 10:36:30', 20, '127.0.0.1', 1, NULL),
	(8276, '2024-11-30 14:22:06', 1, 3, 'Редактирование страницы', 'Редактирование страницы: page_id=67, старые данные: url_id=%!d(bool=true), is_visibility=%!v(MISSING)', 20, '127.0.0.1', 1, NULL),
	(8277, '2024-11-30 14:22:07', 1, 3, 'Страница успешно обновлена', 'Страница успешно обновлена: page_id=132, новые данные: url_id=67, is_visibility=true, update_at=2024-11-30 11:22:06', 20, '127.0.0.1', 1, NULL),
	(8278, '2024-11-30 14:22:28', 1, 3, 'Редактирование страницы', 'Редактирование страницы: page_id=67, старые данные: url_id=%!d(bool=true), is_visibility=%!v(MISSING)', 20, '127.0.0.1', 1, NULL),
	(8279, '2024-11-30 14:22:29', 1, 3, 'Страница успешно обновлена', 'Страница успешно обновлена: page_id=132, новые данные: url_id=67, is_visibility=true, update_at=2024-11-30 11:22:28', 20, '127.0.0.1', 1, NULL),
	(8280, '2024-11-30 14:35:22', 1, 3, 'Редактирование страницы', 'Редактирование страницы: page_id=68, старые данные: url_id=%!d(bool=true), is_visibility=%!v(MISSING)', 20, '127.0.0.1', 1, NULL),
	(8281, '2024-11-30 14:35:22', 1, 3, 'Страница успешно обновлена', 'Страница успешно обновлена: page_id=133, новые данные: url_id=68, is_visibility=true, update_at=2024-11-30 11:35:22', 20, '127.0.0.1', 1, NULL),
	(8282, '2024-11-30 15:32:08', 1, 3, 'Редактирование страницы', 'Редактирование страницы: page_id=69, старые данные: url_id=%!d(bool=true), is_visibility=%!v(MISSING)', 20, '127.0.0.1', 1, NULL),
	(8283, '2024-11-30 15:32:09', 1, 3, 'Страница успешно обновлена', 'Страница успешно обновлена: page_id=135, новые данные: url_id=69, is_visibility=true, update_at=2024-11-30 12:32:08', 20, '127.0.0.1', 1, NULL),
	(8284, '2024-11-30 15:44:33', 1, 3, 'Редактирование страницы', 'Редактирование страницы: page_id=70, старые данные: url_id=%!d(bool=true), is_visibility=%!v(MISSING)', 20, '127.0.0.1', 1, NULL),
	(8285, '2024-11-30 15:44:34', 1, 3, 'Страница успешно обновлена', 'Страница успешно обновлена: page_id=136, новые данные: url_id=70, is_visibility=true, update_at=2024-11-30 12:44:33', 20, '127.0.0.1', 1, NULL),
	(8286, '2024-11-30 15:53:37', 1, 3, 'Редактирование страницы', 'Редактирование страницы: page_id=71, старые данные: url_id=%!d(bool=true), is_visibility=%!v(MISSING)', 20, '127.0.0.1', 1, NULL),
	(8287, '2024-11-30 15:53:38', 1, 3, 'Страница успешно обновлена', 'Страница успешно обновлена: page_id=137, новые данные: url_id=71, is_visibility=true, update_at=2024-11-30 12:53:37', 20, '127.0.0.1', 1, NULL),
	(8288, '2024-11-30 15:54:30', 1, 3, 'Редактирование страницы', 'Редактирование страницы: page_id=72, старые данные: url_id=%!d(bool=true), is_visibility=%!v(MISSING)', 20, '127.0.0.1', 1, NULL),
	(8289, '2024-11-30 15:54:31', 1, 3, 'Страница успешно обновлена', 'Страница успешно обновлена: page_id=138, новые данные: url_id=72, is_visibility=true, update_at=2024-11-30 12:54:30', 20, '127.0.0.1', 1, NULL),
	(8290, '2024-12-01 12:51:28', 1, 3, 'Вход в аккаунт', 'Вход m1ron', 2, '127.0.0.1', 1, NULL),
	(8291, '2024-12-01 12:54:31', 1, 3, 'Редактирование страницы', 'Редактирование страницы: page_id=72, старые данные: url_id=%!d(bool=true), is_visibility=%!v(MISSING)', 20, '127.0.0.1', 1, NULL),
	(8292, '2024-12-01 12:54:32', 1, 3, 'Страница успешно обновлена', 'Страница успешно обновлена: page_id=138, новые данные: url_id=72, is_visibility=true, update_at=2024-12-01 09:54:31', 20, '127.0.0.1', 1, NULL),
	(8293, '2024-12-01 12:58:31', 1, 3, 'Редактирование страницы', 'Редактирование страницы: page_id=73, старые данные: url_id=%!d(bool=true), is_visibility=%!v(MISSING)', 20, '127.0.0.1', 1, NULL),
	(8294, '2024-12-01 12:58:32', 1, 3, 'Страница успешно обновлена', 'Страница успешно обновлена: page_id=140, новые данные: url_id=73, is_visibility=true, update_at=2024-12-01 09:58:31', 20, '127.0.0.1', 1, NULL),
	(8295, '2024-12-01 13:09:12', 1, 3, 'Редактирование страницы', 'Редактирование страницы: page_id=74, старые данные: url_id=%!d(bool=true), is_visibility=%!v(MISSING)', 20, '127.0.0.1', 1, NULL),
	(8296, '2024-12-01 13:09:12', 1, 3, 'Страница успешно обновлена', 'Страница успешно обновлена: page_id=142, новые данные: url_id=74, is_visibility=true, update_at=2024-12-01 10:09:12', 20, '127.0.0.1', 1, NULL),
	(8297, '2024-12-01 15:27:00', 1, 3, 'Редактирование страницы', 'Редактирование страницы: page_id=75, старые данные: url_id=%!d(bool=true), is_visibility=%!v(MISSING)', 20, '127.0.0.1', 1, NULL),
	(8298, '2024-12-01 15:27:01', 1, 3, 'Страница успешно обновлена', 'Страница успешно обновлена: page_id=143, новые данные: url_id=75, is_visibility=true, update_at=2024-12-01 12:27:00', 20, '127.0.0.1', 1, NULL),
	(8299, '2024-12-01 15:49:15', 1, 3, 'Редактирование страницы', 'Редактирование страницы: page_id=76, старые данные: url_id=%!d(bool=true), is_visibility=%!v(MISSING)', 20, '127.0.0.1', 1, NULL),
	(8300, '2024-12-01 15:49:15', 1, 3, 'Страница успешно обновлена', 'Страница успешно обновлена: page_id=144, новые данные: url_id=76, is_visibility=true, update_at=2024-12-01 12:49:15', 20, '127.0.0.1', 1, NULL),
	(8301, '2024-12-01 15:58:37', 1, 3, 'Редактирование страницы', 'Редактирование страницы: page_id=77, старые данные: url_id=%!d(bool=true), is_visibility=%!v(MISSING)', 20, '127.0.0.1', 1, NULL),
	(8302, '2024-12-01 15:58:38', 1, 3, 'Страница успешно обновлена', 'Страница успешно обновлена: page_id=145, новые данные: url_id=77, is_visibility=true, update_at=2024-12-01 12:58:37', 20, '127.0.0.1', 1, NULL),
	(8303, '2024-12-01 16:02:47', 1, 3, 'Редактирование страницы', 'Редактирование страницы: page_id=78, старые данные: url_id=%!d(bool=true), is_visibility=%!v(MISSING)', 20, '127.0.0.1', 1, NULL),
	(8304, '2024-12-01 16:02:48', 1, 3, 'Страница успешно обновлена', 'Страница успешно обновлена: page_id=148, новые данные: url_id=78, is_visibility=true, update_at=2024-12-01 13:02:47', 20, '127.0.0.1', 1, NULL),
	(8305, '2024-12-01 16:06:08', 1, 3, 'Редактирование страницы', 'Редактирование страницы: page_id=79, старые данные: url_id=%!d(bool=true), is_visibility=%!v(MISSING)', 20, '127.0.0.1', 1, NULL),
	(8306, '2024-12-01 16:06:09', 1, 3, 'Страница успешно обновлена', 'Страница успешно обновлена: page_id=147, новые данные: url_id=79, is_visibility=true, update_at=2024-12-01 13:06:08', 20, '127.0.0.1', 1, NULL),
	(8307, '2024-12-01 16:11:46', 1, 3, 'Редактирование страницы', 'Редактирование страницы: page_id=80, старые данные: url_id=%!d(bool=true), is_visibility=%!v(MISSING)', 20, '127.0.0.1', 1, NULL),
	(8308, '2024-12-01 16:11:46', 1, 3, 'Страница успешно обновлена', 'Страница успешно обновлена: page_id=149, новые данные: url_id=80, is_visibility=true, update_at=2024-12-01 13:11:46', 20, '127.0.0.1', 1, NULL),
	(8309, '2024-12-01 16:31:51', 1, 3, 'Редактирование страницы', 'Редактирование страницы: page_id=80, старые данные: url_id=%!d(bool=true), is_visibility=%!v(MISSING)', 20, '127.0.0.1', 1, NULL),
	(8310, '2024-12-01 16:31:52', 1, 3, 'Страница успешно обновлена', 'Страница успешно обновлена: page_id=149, новые данные: url_id=80, is_visibility=true, update_at=2024-12-01 13:31:51', 20, '127.0.0.1', 1, NULL);

-- Дамп структуры для таблица blog_electronchik.log_event_type
CREATE TABLE IF NOT EXISTS `log_event_type` (
  `uid` int(10) unsigned NOT NULL AUTO_INCREMENT,
  `name` text NOT NULL,
  PRIMARY KEY (`uid`),
  UNIQUE KEY `uid_UNIQUE` (`uid`)
) ENGINE=InnoDB AUTO_INCREMENT=29 DEFAULT CHARSET=utf8mb3 COLLATE=utf8mb3_general_ci;

-- Дамп данных таблицы blog_electronchik.log_event_type: ~28 rows (приблизительно)
INSERT INTO `log_event_type` (`uid`, `name`) VALUES
	(1, 'Сервер'),
	(2, 'Вход в аккаунт'),
	(3, 'Блокировка аккаунта'),
	(4, 'Добавление нового пользователя'),
	(5, 'Редактирование пользователя'),
	(6, 'Удаление пользователя'),
	(7, 'Выход из аккаунта'),
	(8, 'Не найдено'),
	(9, 'Путь'),
	(10, 'Удаление данных'),
	(11, 'Конвертация данных'),
	(12, 'Токен'),
	(13, 'IPv4'),
	(14, 'Парсинг JSON'),
	(15, 'JSON'),
	(16, 'Неавторизован'),
	(17, 'Генерация новостей'),
	(18, 'Генерация страниц'),
	(19, 'Вставка данных'),
	(20, 'Обновление данных'),
	(21, 'Получение данных'),
	(22, 'Отправка файлов'),
	(23, 'Получение файлов'),
	(24, 'Копирование файла'),
	(25, 'Создание файла'),
	(26, 'Папка'),
	(27, 'Куки'),
	(28, 'Отправка сообщение по почте');

-- Дамп структуры для таблица blog_electronchik.log_level
CREATE TABLE IF NOT EXISTS `log_level` (
  `uid` int(11) NOT NULL AUTO_INCREMENT,
  `name` varchar(45) NOT NULL,
  PRIMARY KEY (`uid`),
  UNIQUE KEY `level_name_UNIQUE` (`name`)
) ENGINE=InnoDB AUTO_INCREMENT=5 DEFAULT CHARSET=latin1 COLLATE=latin1_swedish_ci;

-- Дамп данных таблицы blog_electronchik.log_level: ~4 rows (приблизительно)
INSERT INTO `log_level` (`uid`, `name`) VALUES
	(4, 'DEBUG'),
	(3, 'ERROR'),
	(1, 'INFO'),
	(2, 'WARNING');

-- Дамп структуры для таблица blog_electronchik.main_page
CREATE TABLE IF NOT EXISTS `main_page` (
  `uid` int(11) NOT NULL AUTO_INCREMENT,
  `lang` enum('ru','by','en') NOT NULL,
  `entity_id` enum('cell1.1','cell2.1','cell2.2','cell2.3','cell2.4','policy-cookie','policy-person-data','phone','fax','address','email') NOT NULL,
  `value` text NOT NULL,
  `url` text DEFAULT NULL,
  PRIMARY KEY (`uid`)
) ENGINE=InnoDB AUTO_INCREMENT=56 DEFAULT CHARSET=utf8mb4 COLLATE=utf8mb4_general_ci;

-- Дамп данных таблицы blog_electronchik.main_page: ~33 rows (приблизительно)
INSERT INTO `main_page` (`uid`, `lang`, `entity_id`, `value`, `url`) VALUES
	(1, 'ru', 'cell1.1', 'ЛИДЕР<br/>В СФЕРЕ ИНФОРМАЦИОННОЙ <br/>БЕЗОПАСНОСТИ<br/>С 1987 ГОДА', 'overview'),
	(2, 'ru', 'cell2.1', 'УСЛУГИ', 'services'),
	(3, 'ru', 'cell2.2', 'ПРОДУКЦИЯ', 'products'),
	(4, 'ru', 'cell2.3', 'ДОСТИЖЕНИЯ', 'achivments'),
	(5, 'ru', 'cell2.4', 'НОВОСТИ', 'news'),
	(6, 'ru', 'policy-cookie', 'Политика в отношении обработки cookie', 'files/pdf/cookies.pdf'),
	(7, 'ru', 'policy-person-data', 'Политика обработки персональных данных', 'politics'),
	(8, 'ru', 'phone', '+375 17 302 81 71 ', NULL),
	(9, 'ru', 'fax', '+375 17 322 31 86 ', NULL),
	(10, 'ru', 'address', '220088, Республика Беларусь, г. Минск,<br/>ул. Первомайская, 26, корпус 2 ', NULL),
	(11, 'ru', 'email', 'info@niitzi.by', NULL),
	(34, 'en', 'cell1.1', 'LEADER<br/>IN INFORMATION<br/>SECURITY<br/>SINCE 1987', 'overview'),
	(35, 'en', 'cell2.1', 'SERVICES', 'services'),
	(36, 'en', 'cell2.2', 'PRODUCTS', 'products'),
	(37, 'en', 'cell2.3', 'ACHIEVEMENTS', 'achivments'),
	(38, 'en', 'cell2.4', 'NEWS', 'news'),
	(39, 'en', 'policy-cookie', 'Cookie processing policy', 'files/pdf/cookies.pdf'),
	(40, 'en', 'policy-person-data', 'Personal data processing policy', 'politics'),
	(41, 'en', 'phone', '+375 17 302 81 71', NULL),
	(42, 'en', 'fax', '+375 17 322 36 81', NULL),
	(43, 'en', 'address', '26/2 Pervomaiskaya St., Minsk, 220088, Republic of Belarus', NULL),
	(44, 'en', 'email', 'info@niitzi.by', NULL),
	(45, 'by', 'cell1.1', 'ЛІДАР<br/>У СФЕРЫ ІНФАРМАЦЫЙНАЙ <br/>БЯСПЕКІ<br/>З 1987 ГОДА', 'overview'),
	(46, 'by', 'cell2.1', 'ПАСЛУГІ', 'services'),
	(47, 'by', 'cell2.2', 'ПРАДУКЦЫЯ', 'products'),
	(48, 'by', 'cell2.3', 'ДАСТЫЖЭННІ', 'achivments'),
	(49, 'by', 'cell2.4', 'НАВІНЫ', 'news'),
	(50, 'by', 'policy-cookie', 'Палітыка ў адносінах апрацоўкі cookie', 'files/pdf/cookies.pdf'),
	(51, 'by', 'policy-person-data', 'Палітыка апрацоўкі персанальных даных', 'politics'),
	(52, 'by', 'phone', '+375 17 302 81 71', NULL),
	(53, 'by', 'fax', '+375 17 322 36 81', NULL),
	(54, 'by', 'address', '220088, Рэспубліка Беларусь,  г. Мінск,  вул. Першамайская, 26, корпус 2', NULL),
	(55, 'by', 'email', 'info@niitzi.by', NULL);

-- Дамп структуры для таблица blog_electronchik.messages
CREATE TABLE IF NOT EXISTS `messages` (
  `id` int(11) NOT NULL AUTO_INCREMENT,
  `chat_id` int(11) NOT NULL,
  `sender_id` int(11) DEFAULT NULL,
  `content` text NOT NULL,
  `is_read` tinyint(1) NOT NULL DEFAULT 0,
  `created_at` timestamp NOT NULL DEFAULT current_timestamp(),
  `updated_at` timestamp NULL DEFAULT NULL,
  `is_deleted` tinyint(1) NOT NULL DEFAULT 0,
  PRIMARY KEY (`id`),
  KEY `chat_id` (`chat_id`),
  CONSTRAINT `messages_ibfk_1` FOREIGN KEY (`chat_id`) REFERENCES `chats` (`id`) ON DELETE CASCADE
) ENGINE=InnoDB AUTO_INCREMENT=4 DEFAULT CHARSET=latin1 COLLATE=latin1_swedish_ci;

-- Дамп данных таблицы blog_electronchik.messages: ~1 rows (приблизительно)
INSERT INTO `messages` (`id`, `chat_id`, `sender_id`, `content`, `is_read`, `created_at`, `updated_at`, `is_deleted`) VALUES
	(1, 1, 4, 'test', 0, '2025-02-06 18:04:02', NULL, 0),
	(2, 4, 41, 'asd', 0, '2025-02-09 10:19:43', NULL, 0),
	(3, 4, 41, 'sad', 0, '2025-02-09 10:22:12', NULL, 0);

-- Дамп структуры для таблица blog_electronchik.news
CREATE TABLE IF NOT EXISTS `news` (
  `uid` int(10) unsigned NOT NULL AUTO_INCREMENT,
  `created_at` datetime DEFAULT current_timestamp(),
  `update_at` datetime DEFAULT current_timestamp() ON UPDATE current_timestamp(),
  `is_visibility` tinyint(4) DEFAULT 0,
  `user_id` int(10) unsigned DEFAULT NULL,
  `image` varchar(255) DEFAULT 'default.png',
  `title` text DEFAULT NULL,
  `description` text DEFAULT NULL,
  `content` longtext DEFAULT NULL,
  `json` longtext DEFAULT NULL,
  PRIMARY KEY (`uid`)
) ENGINE=InnoDB AUTO_INCREMENT=62 DEFAULT CHARSET=utf8mb3 COLLATE=utf8mb3_general_ci;

-- Дамп данных таблицы blog_electronchik.news: ~3 rows (приблизительно)
INSERT INTO `news` (`uid`, `created_at`, `update_at`, `is_visibility`, `user_id`, `image`, `title`, `description`, `content`, `json`) VALUES
	(33, '2023-05-23 06:27:38', '2025-02-02 14:04:39', 1, 4, 'https://www.shutterstock.com/image-vector/image-icon-600nw-211642900.jpg', 'Largest US addiction treatment provider notifies patients of data breach', 'BayMark Health Services... personal and health information in a September 2024 breach.', 'BayMark Health Services... personal and health information in a September 2024 breach.', ''),
	(34, '2024-05-15 13:26:03', '2025-02-02 14:04:40', 1, 4, 'https://www.shutterstock.com/image-vector/image-icon-600nw-211642900.jpg', 'Bologna FC confirms data breach after RansomHub ransomware attack', 'Bologna Football Club 1909 has confirmed it suffered a ransomware attack...', 'Bologna Football Club 1909 has confirmed it suffered a ransomware attack...', ''),
	(36, '2024-08-27 13:26:03', '2025-02-02 14:04:41', 1, 4, 'https://www.shutterstock.com/image-vector/image-icon-600nw-211642900.jpg', 'New Ymir ransomware partners with RustyStealer in attacks', 'A new ransomware family called \'Ymir\' has been spotted in the wild...', 'A new ransomware family called \'Ymir\' has been spotted in the wild...', ''),
	(61, '2025-02-03 18:32:28', '2025-02-03 18:32:28', 1, 4, 'http://localhost:8080/static/media/Screenshot 2023-03-19 161057.png', 'dsads', 'aadaddas', '<p style="text-align:left;">adsaddad</p>', '{"time":1738596748567,"blocks":[{"id":"McYP-RlqgL","type":"paragraph","data":{"text":"adsaddad","alignment":"left"}}],"version":"2.30.1"}');

-- Дамп структуры для таблица blog_electronchik.order_service
CREATE TABLE IF NOT EXISTS `order_service` (
  `content` longtext NOT NULL DEFAULT '',
  `json` longtext NOT NULL DEFAULT ''
) ENGINE=InnoDB DEFAULT CHARSET=latin1 COLLATE=latin1_swedish_ci;

-- Дамп данных таблицы blog_electronchik.order_service: ~0 rows (приблизительно)
INSERT INTO `order_service` (`content`, `json`) VALUES
	('<div class="page-text-wrapper">\n              <p>Order a service</p>\n            </div>', '{"time":1738738266357,"blocks":[{"id":"YvQ0v2eQZR","type":"p","data":{"text":"<p>Order a service</p>"}}],"version":"2.30.1"}');

-- Дамп структуры для таблица blog_electronchik.pages
CREATE TABLE IF NOT EXISTS `pages` (
  `uid` int(10) unsigned NOT NULL AUTO_INCREMENT,
  `url_id` int(10) unsigned NOT NULL,
  `user_id` int(10) unsigned NOT NULL,
  `create_at` datetime NOT NULL DEFAULT current_timestamp(),
  `update_at` datetime NOT NULL DEFAULT current_timestamp(),
  `is_visibility` tinyint(4) DEFAULT 0,
  PRIMARY KEY (`uid`),
  UNIQUE KEY `tabs_id_UNIQUE` (`url_id`)
) ENGINE=InnoDB AUTO_INCREMENT=192 DEFAULT CHARSET=latin1 COLLATE=latin1_swedish_ci;

-- Дамп данных таблицы blog_electronchik.pages: ~68 rows (приблизительно)
INSERT INTO `pages` (`uid`, `url_id`, `user_id`, `create_at`, `update_at`, `is_visibility`) VALUES
	(36, 2, 3, '2024-07-31 07:22:31', '2024-08-28 13:10:37', 1),
	(68, 60, 3, '2024-08-15 10:55:28', '2024-08-28 13:11:03', 1),
	(70, 59, 3, '2024-08-15 14:18:52', '2024-10-15 10:42:09', 1),
	(71, 6, 3, '2024-08-16 06:42:38', '2024-09-01 16:01:13', 1),
	(73, 35, 3, '2024-08-16 11:54:10', '2024-09-23 18:57:15', 1),
	(84, 31, 3, '2024-08-19 07:17:51', '2024-08-29 08:55:43', 1),
	(85, 32, 3, '2024-08-19 07:28:55', '2024-09-27 08:49:11', 1),
	(86, 33, 3, '2024-08-19 07:43:04', '2024-09-01 14:09:05', 1),
	(89, 34, 3, '2024-08-19 08:17:46', '2024-09-01 16:02:16', 1),
	(94, 48, 3, '2024-08-19 13:01:11', '2024-09-04 14:15:13', 1),
	(95, 36, 3, '2024-08-20 12:42:47', '2024-09-09 13:05:06', 1),
	(96, 37, 3, '2024-08-20 14:22:45', '2024-09-09 13:04:50', 1),
	(97, 38, 3, '2024-08-20 14:30:18', '2024-09-09 13:04:19', 1),
	(98, 39, 3, '2024-08-20 14:50:02', '2024-09-09 13:03:14', 1),
	(99, 40, 3, '2024-08-20 15:06:03', '2024-09-09 13:02:54', 1),
	(100, 41, 3, '2024-08-20 15:20:06', '2024-09-09 13:02:38', 1),
	(101, 42, 3, '2024-08-20 15:25:49', '2024-09-09 13:02:22', 1),
	(102, 43, 3, '2024-08-20 15:31:39', '2024-09-09 13:02:05', 1),
	(103, 44, 3, '2024-08-20 18:02:40', '2024-09-09 13:10:39', 1),
	(104, 45, 3, '2024-08-20 18:07:10', '2024-09-09 13:01:32', 1),
	(105, 46, 3, '2024-08-20 18:11:03', '2024-09-09 13:01:17', 1),
	(106, 47, 3, '2024-08-20 18:18:07', '2024-09-09 13:00:49', 1),
	(108, 3, 3, '2024-08-21 07:00:02', '2024-11-07 14:09:28', 1),
	(109, 49, 3, '2024-08-21 07:49:53', '2024-08-28 16:01:52', 1),
	(110, 4, 3, '2024-08-21 08:18:10', '2024-08-31 18:28:52', 1),
	(111, 51, 3, '2024-08-21 09:29:01', '2024-08-29 08:58:33', 1),
	(112, 52, 3, '2024-08-21 09:57:59', '2024-08-31 18:39:28', 1),
	(113, 53, 3, '2024-08-21 11:39:32', '2024-08-31 18:31:46', 1),
	(114, 54, 3, '2024-08-21 12:10:43', '2024-09-01 16:42:46', 1),
	(115, 55, 3, '2024-08-21 12:19:28', '2024-09-09 11:53:56', 1),
	(116, 56, 3, '2024-08-21 12:28:03', '2024-09-01 16:47:57', 1),
	(117, 57, 3, '2024-08-21 14:20:23', '2024-11-30 10:36:30', 1),
	(118, 7, 3, '2024-08-22 13:38:50', '2024-08-22 13:38:50', 0),
	(119, 8, 3, '2024-08-22 13:39:51', '2024-08-22 13:39:51', 0),
	(126, 64, 3, '2024-08-28 15:26:27', '2024-09-01 09:09:22', 1),
	(127, 61, 3, '2024-08-28 15:38:57', '2024-09-01 09:11:42', 1),
	(128, 62, 3, '2024-08-28 15:46:22', '2024-08-28 15:46:22', 1),
	(129, 63, 3, '2024-08-28 15:51:17', '2024-08-28 15:51:17', 1),
	(130, 65, 3, '2024-08-28 15:58:41', '2024-08-31 18:34:26', 1),
	(132, 67, 3, '2024-08-29 11:23:20', '2024-11-30 11:22:28', 1),
	(133, 68, 3, '2024-08-29 11:27:36', '2024-11-30 11:35:22', 1),
	(135, 69, 3, '2024-08-29 11:31:10', '2024-11-30 12:32:08', 1),
	(136, 70, 3, '2024-08-29 11:52:28', '2024-11-30 12:44:33', 1),
	(137, 71, 3, '2024-08-29 11:57:22', '2024-11-30 12:53:37', 1),
	(138, 72, 3, '2024-08-29 11:59:22', '2024-12-01 09:54:31', 1),
	(140, 73, 3, '2024-08-29 12:13:17', '2024-12-01 09:58:31', 1),
	(142, 74, 3, '2024-08-29 12:42:11', '2024-12-01 10:09:12', 1),
	(143, 75, 3, '2024-08-29 12:45:04', '2024-12-01 12:27:00', 1),
	(144, 76, 3, '2024-08-29 12:46:11', '2024-12-01 12:49:15', 1),
	(145, 77, 3, '2024-08-29 12:47:24', '2024-12-01 12:58:37', 1),
	(147, 79, 3, '2024-08-29 12:48:51', '2024-12-01 13:06:08', 1),
	(148, 78, 3, '2024-08-29 12:56:00', '2024-12-01 13:02:47', 1),
	(149, 80, 3, '2024-08-29 13:19:28', '2024-12-01 13:31:51', 1),
	(150, 82, 3, '2024-08-29 13:21:44', '2024-08-30 12:15:13', 1),
	(151, 83, 3, '2024-08-29 13:23:32', '2024-08-30 10:57:29', 1),
	(152, 84, 3, '2024-08-29 13:29:05', '2024-08-30 11:01:04', 1),
	(153, 85, 3, '2024-08-29 13:47:53', '2024-08-30 11:02:16', 1),
	(155, 86, 3, '2024-08-29 13:50:52', '2024-08-30 11:03:15', 1),
	(156, 88, 3, '2024-08-29 13:54:07', '2024-08-30 11:03:48', 1),
	(157, 89, 3, '2024-08-30 07:35:32', '2024-08-30 11:06:12', 1),
	(159, 91, 3, '2024-08-30 08:37:16', '2024-08-30 11:05:16', 1),
	(160, 90, 3, '2024-08-30 08:41:12', '2024-08-30 11:04:26', 1),
	(162, 92, 3, '2024-08-30 08:58:36', '2024-08-30 11:12:06', 1),
	(164, 93, 3, '2024-08-30 09:00:12', '2024-08-30 11:13:36', 1),
	(166, 94, 3, '2024-08-30 09:02:22', '2024-08-30 11:19:11', 1),
	(172, 100, 3, '2024-09-05 13:23:36', '2024-09-05 14:42:03', 1),
	(188, 66, 3, '2024-09-23 13:35:13', '2024-09-23 14:28:17', 1),
	(189, 58, 3, '2024-09-24 10:07:27', '2024-10-22 05:46:11', 1);

-- Дамп структуры для таблица blog_electronchik.terms_and_conditions
CREATE TABLE IF NOT EXISTS `terms_and_conditions` (
  `content` longtext DEFAULT '',
  `json` longtext DEFAULT ''
) ENGINE=InnoDB DEFAULT CHARSET=latin1 COLLATE=latin1_swedish_ci;

-- Дамп данных таблицы blog_electronchik.terms_and_conditions: ~0 rows (приблизительно)
INSERT INTO `terms_and_conditions` (`content`, `json`) VALUES
	('<div class="page-text-wrapper">\n              <p>Terms and Conditions</p>\n            </div>', '{"time":1738738276912,"blocks":[{"id":"1nRlui53wp","type":"p","data":{"text":"<p>Terms and Conditions</p>"}}],"version":"2.30.1"}');

-- Дамп структуры для таблица blog_electronchik.used_folders
CREATE TABLE IF NOT EXISTS `used_folders` (
  `id` int(11) NOT NULL AUTO_INCREMENT,
  `user_id` int(11) NOT NULL,
  `folder_name` varchar(255) NOT NULL,
  `created_at` timestamp NOT NULL DEFAULT current_timestamp(),
  PRIMARY KEY (`id`)
) ENGINE=InnoDB AUTO_INCREMENT=7 DEFAULT CHARSET=latin1 COLLATE=latin1_swedish_ci;

-- Дамп данных таблицы blog_electronchik.used_folders: ~4 rows (приблизительно)
INSERT INTO `used_folders` (`id`, `user_id`, `folder_name`, `created_at`) VALUES
	(1, 123, 'C:\\Users\\miron\\Documents\\GitHub\\go-template-1\\internal\\mnt\\some-company1', '2025-02-06 07:13:00'),
	(3, 41, 'C:\\Users\\miron\\Documents\\GitHub\\go-template-1\\internal\\mnt\\leaked.by', '2025-02-08 12:39:47'),
	(4, 41, 'C:\\Users\\miron\\Documents\\GitHub\\go-template-1\\internal\\mnt\\leaked1.by', '2025-02-08 12:42:47'),
	(6, 41, 'C:\\Users\\miron\\Documents\\GitHub\\go-template-1\\internal\\mnt\\amazon', '2025-02-08 12:50:21');

-- Дамп структуры для таблица blog_electronchik.users
CREATE TABLE IF NOT EXISTS `users` (
  `uid` int(11) NOT NULL AUTO_INCREMENT,
  `name` varchar(50) NOT NULL,
  `login` varchar(50) CHARACTER SET latin1 COLLATE latin1_swedish_ci NOT NULL,
  `password_hash` text CHARACTER SET latin1 COLLATE latin1_swedish_ci NOT NULL,
  `registration_date` datetime NOT NULL DEFAULT current_timestamp(),
  `status_id` int(11) NOT NULL DEFAULT 1,
  `role_id` int(11) NOT NULL DEFAULT 2,
  `last_login` datetime DEFAULT NULL,
  `ipv4` varchar(50) CHARACTER SET latin1 COLLATE latin1_swedish_ci DEFAULT NULL,
  `login_attempts` int(11) NOT NULL DEFAULT 0,
  `token` varchar(255) CHARACTER SET latin1 COLLATE latin1_swedish_ci DEFAULT NULL,
  `token_creation` datetime DEFAULT NULL,
  `refresh_token` varchar(255) DEFAULT NULL,
  `email` text DEFAULT NULL,
  PRIMARY KEY (`uid`),
  UNIQUE KEY `login_UNIQUE` (`login`),
  UNIQUE KEY `token_UNIQUE` (`token`)
) ENGINE=InnoDB AUTO_INCREMENT=43 DEFAULT CHARSET=utf8mb3 COLLATE=utf8mb3_general_ci;

-- Дамп данных таблицы blog_electronchik.users: ~10 rows (приблизительно)
INSERT INTO `users` (`uid`, `name`, `login`, `password_hash`, `registration_date`, `status_id`, `role_id`, `last_login`, `ipv4`, `login_attempts`, `token`, `token_creation`, `refresh_token`, `email`) VALUES
	(1, 'miroshka', 'm1ron_123', '$2a$10$ORfcaAzAtw97sA6eg8HsO.Vl3HNc1VVWgt/O/EusoEY.GDiMcyJOm', '2025-01-31 23:22:42', 1, 2, NULL, NULL, 0, NULL, NULL, NULL, NULL),
	(2, 'miroshka', 'm1ron_1234', '$2a$10$VV6dWAR43kxeVtPrec587O6GZv7jR4HuvjPolL78JoQOknG4Kis6.', '2025-01-31 23:28:56', 1, 2, NULL, NULL, 0, NULL, NULL, NULL, NULL),
	(3, 'miroshka', 'm1ron_12345', '$2a$10$xpT4OEV6Ktlarl5KcjJLdutrcJxeEDhjc1no67UfcQWfsWBrixRsq', '2025-01-31 23:30:09', 1, 2, NULL, NULL, 0, NULL, NULL, NULL, NULL),
	(4, 'miroshka', 'm1ron_123456', '$2a$10$gN.fub8knZfwagApDdZgr..ubB9VAEYgDg072eg0TTBh6vPoZgZca', '2025-01-31 23:31:20', 1, 1, NULL, NULL, 0, NULL, NULL, NULL, NULL),
	(5, 'miroshka', 'm1ron_12', '$2a$10$gN.fub8knZfwagApDdZgr..ubB9VAEYgDg072eg0TTBh6vPoZgZca', '2025-01-31 23:31:20', 1, 1, NULL, NULL, 0, NULL, NULL, NULL, NULL),
	(38, 'tetet111', 'amazon', '$2a$10$0x5bAzhuiQBTy/O901Xkp.CbYXxXWF.Saush/5KkEOHf7ozRnX9X6', '2025-02-06 11:59:59', 1, 1, NULL, NULL, 0, NULL, NULL, NULL, NULL),
	(39, 'gggg', 'qwe1234', '$2a$10$qMHi8AESDJOKWaLebRbGae8TqyxYgo2WvokOzQxNE6Iw/BCjrXFOy', '2025-02-06 13:15:11', 3, 2, NULL, NULL, 0, NULL, NULL, NULL, NULL),
	(40, 'qweqwe11', 'wqe', '$2a$10$EnAGDr6v/se2Yav890WS6OamA4CpDxR5xBM9zbPlsJ.8N/U/LvIfi', '2025-02-06 14:38:17', 3, 2, NULL, NULL, 0, NULL, NULL, NULL, NULL),
	(41, 'user_test1', 'user_test1', '$2a$10$I1ZOwu7vVyN8zBP1p4Ajy.3noWeVR8vjhkb2qGJTr3QF0gTQuHFIy', '2025-02-06 14:50:47', 1, 2, NULL, NULL, 0, NULL, NULL, NULL, NULL),
	(42, 'blabla', 'qwerty123', '$2a$10$FnmQw8FZxaQJy1n5goZnQ.bhRoeuLL9Y6afMpnsAbl9a7A/BAfTGW', '2025-02-08 18:49:18', 1, 2, NULL, NULL, 0, NULL, NULL, NULL, NULL);

/*!40103 SET TIME_ZONE=IFNULL(@OLD_TIME_ZONE, 'system') */;
/*!40101 SET SQL_MODE=IFNULL(@OLD_SQL_MODE, '') */;
/*!40014 SET FOREIGN_KEY_CHECKS=IFNULL(@OLD_FOREIGN_KEY_CHECKS, 1) */;
/*!40101 SET CHARACTER_SET_CLIENT=@OLD_CHARACTER_SET_CLIENT */;
/*!40111 SET SQL_NOTES=IFNULL(@OLD_SQL_NOTES, 1) */;
