-- --------------------------------------------------------
-- Хост:                         127.0.0.1
-- Версия сервера:               8.0.40 - MySQL Community Server - GPL
-- Операционная система:         Win64
-- HeidiSQL Версия:              12.8.0.6908
-- --------------------------------------------------------

/*!40101 SET @OLD_CHARACTER_SET_CLIENT=@@CHARACTER_SET_CLIENT */;
/*!40101 SET NAMES utf8 */;
/*!50503 SET NAMES utf8mb4 */;
/*!40103 SET @OLD_TIME_ZONE=@@TIME_ZONE */;
/*!40103 SET TIME_ZONE='+00:00' */;
/*!40014 SET @OLD_FOREIGN_KEY_CHECKS=@@FOREIGN_KEY_CHECKS, FOREIGN_KEY_CHECKS=0 */;
/*!40101 SET @OLD_SQL_MODE=@@SQL_MODE, SQL_MODE='NO_AUTO_VALUE_ON_ZERO' */;
/*!40111 SET @OLD_SQL_NOTES=@@SQL_NOTES, SQL_NOTES=0 */;


-- Дамп структуры базы данных blog_electronchik
CREATE DATABASE IF NOT EXISTS `blog` /*!40100 DEFAULT CHARACTER SET latin1 */ /*!80016 DEFAULT ENCRYPTION='N' */;
USE `blog`;

-- Дамп структуры для таблица blog_electronchik.chats
CREATE TABLE IF NOT EXISTS `chats` (
  `id` int NOT NULL AUTO_INCREMENT,
  `name` text NOT NULL,
  `created_at` timestamp NOT NULL DEFAULT CURRENT_TIMESTAMP,
  `owner_id` int DEFAULT NULL,
  `leaked_id` int DEFAULT NULL,
  PRIMARY KEY (`id`)
) ENGINE=InnoDB AUTO_INCREMENT=7 DEFAULT CHARSET=latin1;

-- Дамп данных таблицы blog_electronchik.chats: ~0 rows (приблизительно)
DELETE FROM `chats`;
INSERT INTO `chats` (`id`, `name`, `created_at`, `owner_id`, `leaked_id`) VALUES
	(5, 'miron host', '2025-02-12 21:46:38', 41, 36);

-- Дамп структуры для таблица blog_electronchik.contact_us
CREATE TABLE IF NOT EXISTS `contact_us` (
  `content` longtext CHARACTER SET utf8mb4 COLLATE utf8mb4_0900_ai_ci NOT NULL,
  `json` longtext CHARACTER SET utf8mb4 COLLATE utf8mb4_0900_ai_ci NOT NULL
) ENGINE=InnoDB DEFAULT CHARSET=utf8mb4 COLLATE=utf8mb4_0900_ai_ci;

-- Дамп данных таблицы blog_electronchik.contact_us: ~1 rows (приблизительно)
DELETE FROM `contact_us`;
INSERT INTO `contact_us` (`content`, `json`) VALUES
	('<div class="page-text-wrapper">\n              <p style="text-align: center;">Contact Us 1</p>\n<p><img style="display: block; margin-left: auto; margin-right: auto;" src="../static/media/Screenshot 2023-10-11 211100_1738977321.png" alt="My description" width="254" height="206"></p>\n            </div>', '{"time":1739343626231,"blocks":[{"id":"bcJcr8cVB9","type":"p","data":{"text":"<p style=\\"text-align: center;\\">Contact Us 1</p>\\n<p><img style=\\"display: block; margin-left: auto; margin-right: auto;\\" src=\\"../static/media/Screenshot 2023-10-11 211100_1738977321.png\\" alt=\\"My description\\" width=\\"254\\" height=\\"206\\"></p>"}}],"version":"2.30.1"}');

-- Дамп структуры для таблица blog_electronchik.leaked
CREATE TABLE IF NOT EXISTS `leaked` (
  `id` int NOT NULL AUTO_INCREMENT,
  `created_at` timestamp NOT NULL DEFAULT CURRENT_TIMESTAMP,
  `payout` float NOT NULL DEFAULT '0',
  `payout_unit` tinyint NOT NULL DEFAULT '0',
  `company_name` varchar(255) CHARACTER SET utf8mb4 COLLATE utf8mb4_0900_ai_ci NOT NULL,
  `website` varchar(255) CHARACTER SET utf8mb4 COLLATE utf8mb4_0900_ai_ci DEFAULT NULL,
  `logo_url` text CHARACTER SET utf8mb4 COLLATE utf8mb4_0900_ai_ci,
  `blog` text CHARACTER SET utf8mb4 COLLATE utf8mb4_0900_ai_ci NOT NULL COMMENT '0-draft, 1-publish,',
  `description` text CHARACTER SET utf8mb4 COLLATE utf8mb4_0900_ai_ci NOT NULL,
  `user_id` int NOT NULL,
  `expires` datetime DEFAULT NULL,
  `status` tinyint NOT NULL DEFAULT '0',
  `builder` tinyint DEFAULT '0' COMMENT '1-build',
  `publish` tinyint DEFAULT '0',
  `is_accept` tinyint DEFAULT '2' COMMENT '-1 - отклонено, 0 - ожидание, 1 - принято, 2 - draft',
  PRIMARY KEY (`id`)
) ENGINE=InnoDB AUTO_INCREMENT=38 DEFAULT CHARSET=utf8mb4 COLLATE=utf8mb4_0900_ai_ci;

-- Дамп данных таблицы blog_electronchik.leaked: ~2 rows (приблизительно)
DELETE FROM `leaked`;
INSERT INTO `leaked` (`id`, `created_at`, `payout`, `payout_unit`, `company_name`, `website`, `logo_url`, `blog`, `description`, `user_id`, `expires`, `status`, `builder`, `publish`, `is_accept`) VALUES
	(34, '2025-02-12 08:24:18', 101, 0, 'localhost', 'http://localhost:3000/', '/static/media/Screenshot 2023-03-01 155647_1739348655.png', 'blog', 'description', 5, '2025-03-17 09:54:50', 1, 0, 1, 2),
	(36, '2025-02-12 21:46:38', 99, 0, 'miron host', 'host.by', '/static/media/Screenshot 2023-03-01 155647_1739427766.png', 'blog', 'des', 41, NULL, 1, 1, 1, 1);

-- Дамп структуры для таблица blog_electronchik.leaked_screenshots
CREATE TABLE IF NOT EXISTS `leaked_screenshots` (
  `id` int NOT NULL AUTO_INCREMENT,
  `leaked_id` int NOT NULL,
  `screenshot_url` text CHARACTER SET utf8mb4 COLLATE utf8mb4_0900_ai_ci NOT NULL,
  PRIMARY KEY (`id`),
  KEY `fk_leaked` (`leaked_id`),
  CONSTRAINT `fk_leaked` FOREIGN KEY (`leaked_id`) REFERENCES `leaked` (`id`) ON DELETE CASCADE
) ENGINE=InnoDB AUTO_INCREMENT=186 DEFAULT CHARSET=utf8mb4 COLLATE=utf8mb4_0900_ai_ci;

-- Дамп данных таблицы blog_electronchik.leaked_screenshots: ~4 rows (приблизительно)
DELETE FROM `leaked_screenshots`;
INSERT INTO `leaked_screenshots` (`id`, `leaked_id`, `screenshot_url`) VALUES
	(182, 34, '/static/media/Screenshot 2023-03-19 155502_1739348902.png'),
	(183, 34, '/static/media/Screenshot 2023-03-12 140951_1739348902.png'),
	(184, 34, '/static/media/Screenshot 2023-03-19 153226_1739348902.png'),
	(185, 36, '/static/media/Screenshot 2023-03-01 155647_1739428706.png');

-- Дамп структуры для таблица blog_electronchik.leaked_urls
CREATE TABLE IF NOT EXISTS `leaked_urls` (
  `id` int NOT NULL AUTO_INCREMENT,
  `leaked_id` int NOT NULL DEFAULT '0',
  `url` text CHARACTER SET utf8mb4 COLLATE utf8mb4_0900_ai_ci NOT NULL,
  PRIMARY KEY (`id`),
  KEY `FK_leaked_links_leaked` (`leaked_id`),
  CONSTRAINT `FK_leaked_links_leaked` FOREIGN KEY (`leaked_id`) REFERENCES `leaked` (`id`)
) ENGINE=InnoDB AUTO_INCREMENT=100 DEFAULT CHARSET=utf8mb4 COLLATE=utf8mb4_0900_ai_ci;

-- Дамп данных таблицы blog_electronchik.leaked_urls: ~3 rows (приблизительно)
DELETE FROM `leaked_urls`;
INSERT INTO `leaked_urls` (`id`, `leaked_id`, `url`) VALUES
	(97, 34, 'http://localhost:3000/admin/news'),
	(98, 34, 'http://localhost:3000/admin/news'),
	(99, 36, 'http://localhost:3000/admin/media');

-- Дамп структуры для таблица blog_electronchik.logs
CREATE TABLE IF NOT EXISTS `logs` (
  `uid` int unsigned NOT NULL AUTO_INCREMENT,
  `timestamp` datetime NOT NULL DEFAULT CURRENT_TIMESTAMP,
  `log_level_id` int unsigned NOT NULL,
  `user_id` int unsigned NOT NULL,
  `short_message` text NOT NULL,
  `full_message` text NOT NULL,
  `event_type_id` int unsigned NOT NULL,
  `ipv4` varchar(50) CHARACTER SET latin1 COLLATE latin1_swedish_ci DEFAULT NULL,
  `is_successful` tinyint NOT NULL DEFAULT '1',
  `module` int DEFAULT NULL,
  PRIMARY KEY (`uid`),
  UNIQUE KEY `uid_UNIQUE` (`uid`)
) ENGINE=InnoDB AUTO_INCREMENT=8311 DEFAULT CHARSET=utf8mb3;

-- Дамп данных таблицы blog_electronchik.logs: ~234 rows (приблизительно)
DELETE FROM `logs`;
INSERT INTO `logs` (`uid`, `timestamp`, `log_level_id`, `user_id`, `short_message`, `full_message`, `event_type_id`, `ipv4`, `is_successful`, `module`) VALUES
	(8073, '2024-10-14 12:39:06', 1, 0, 'Запуск сервера', 'Сервер прослушивает 192.168.9.2', 1, '192.168.9.2/24, fe80::be24:11ff:fefa:8abd/64', 1, NULL),
	(8074, '2024-10-15 10:42:09', 1, 3, 'Редактирование страницы', 'Редактирование страницы: page_id=59, старые данные: url_id=%!d(bool=true), is_visibility=%!v(MISSING)', 20, '192.168.0.70', 1, NULL),
	(8075, '2024-10-15 10:42:09', 1, 3, 'Страница успешно обновлена', 'Страница успешно обновлена: page_id=70, новые данные: url_id=59, is_visibility=true, update_at=2024-10-15 10:42:09', 20, '192.168.0.70', 1, NULL),
	(8076, '2024-10-15 10:50:37', 1, 0, 'Запуск сервера', 'Сервер прослушивает 192.168.9.2', 1, '192.168.9.2/24, fe80::be24:11ff:fefa:8abd/64', 1, NULL),
	(8077, '2024-10-16 13:39:41', 1, 3, 'Вход в аккаунт', 'Вход m1ron', 2, '192.168.0.70', 1, NULL),
	(8078, '2024-10-18 12:36:54', 1, 3, 'Вход в аккаунт', 'Вход m1ron', 2, '192.168.0.70', 1, NULL),
	(8079, '2024-10-21 08:23:23', 1, 0, 'Запуск сервера', 'Сервер прослушивает 192.168.9.2', 1, '192.168.9.2/24, fe80::be24:11ff:fefa:8abd/64', 1, NULL),
	(8080, '2024-10-21 09:22:07', 1, 0, 'Запуск сервера', 'Сервер прослушивает 192.168.9.2', 1, '192.168.9.2/24, fe80::be24:11ff:fefa:8abd/64', 1, NULL),
	(8081, '2024-10-22 05:42:31', 1, 3, 'Вход в аккаунт', 'Вход m1ron', 2, '192.168.0.70', 1, NULL),
	(8082, '2024-10-22 05:45:37', 1, 3, 'Редактирование страницы', 'Редактирование страницы: page_id=58, старые данные: url_id=%!d(bool=true), is_visibility=%!v(MISSING)', 20, '192.168.0.70', 1, NULL),
	(8083, '2024-10-22 05:45:38', 1, 3, 'Страница успешно обновлена', 'Страница успешно обновлена: page_id=189, новые данные: url_id=58, is_visibility=true, update_at=2024-10-22 05:45:37', 20, '192.168.0.70', 1, NULL),
	(8084, '2024-10-22 05:46:11', 1, 3, 'Редактирование страницы', 'Редактирование страницы: page_id=58, старые данные: url_id=%!d(bool=true), is_visibility=%!v(MISSING)', 20, '192.168.0.70', 1, NULL),
	(8085, '2024-10-22 05:46:11', 1, 3, 'Страница успешно обновлена', 'Страница успешно обновлена: page_id=189, новые данные: url_id=58, is_visibility=true, update_at=2024-10-22 05:46:11', 20, '192.168.0.70', 1, NULL),
	(8086, '2024-10-26 13:47:35', 1, 3, 'Вход в аккаунт', 'Вход m1ron', 2, '192.168.0.70', 1, NULL),
	(8087, '2024-10-30 05:51:47', 1, 3, 'Вход в аккаунт', 'Вход m1ron', 2, '192.168.0.70', 1, NULL),
	(8088, '2024-10-30 05:58:29', 1, 3, 'Новость успешно добавлена', 'Новость успешно добавлена: news_id=60, user_id=3, is_visibility=true', 19, '192.168.0.70', 1, NULL),
	(8089, '2024-10-30 06:00:43', 1, 3, 'Редактирование новости', 'Редактирование новости: news_id=295, старые данные: is_visibility=true', 20, '192.168.0.70', 1, NULL),
	(8090, '2024-10-30 06:00:43', 1, 3, 'Новость успешно обновлена', 'Новость успешно обновлена: news_id=60, новые данные: is_visibility=true, update_at=2024-10-30 06:00:43', 20, '192.168.0.70', 1, NULL),
	(8091, '2024-10-30 06:01:43', 1, 3, 'Редактирование новости', 'Редактирование новости: news_id=295, старые данные: is_visibility=true', 20, '192.168.0.70', 1, NULL),
	(8092, '2024-10-30 06:01:43', 1, 3, 'Новость успешно обновлена', 'Новость успешно обновлена: news_id=60, новые данные: is_visibility=true, update_at=2024-10-30 06:01:43', 20, '192.168.0.70', 1, NULL),
	(8093, '2024-10-30 06:02:29', 1, 3, 'Редактирование новости', 'Редактирование новости: news_id=295, старые данные: is_visibility=true', 20, '192.168.0.70', 1, NULL),
	(8094, '2024-10-30 06:02:29', 1, 3, 'Новость успешно обновлена', 'Новость успешно обновлена: news_id=60, новые данные: is_visibility=true, update_at=2024-10-30 06:02:29', 20, '192.168.0.70', 1, NULL),
	(8095, '2024-10-30 06:05:01', 1, 3, 'Редактирование новости', 'Редактирование новости: news_id=295, старые данные: is_visibility=true', 20, '192.168.0.70', 1, NULL),
	(8096, '2024-10-30 06:05:01', 1, 3, 'Новость успешно обновлена', 'Новость успешно обновлена: news_id=60, новые данные: is_visibility=true, update_at=2024-10-30 06:05:01', 20, '192.168.0.70', 1, NULL),
	(8097, '2024-10-30 06:08:42', 1, 3, 'Редактирование новости', 'Редактирование новости: news_id=295, старые данные: is_visibility=true', 20, '192.168.0.70', 1, NULL),
	(8098, '2024-10-30 06:08:42', 1, 3, 'Новость успешно обновлена', 'Новость успешно обновлена: news_id=60, новые данные: is_visibility=true, update_at=2024-10-30 06:08:42', 20, '192.168.0.70', 1, NULL),
	(8099, '2024-11-07 14:09:02', 1, 3, 'Редактирование страницы', 'Редактирование страницы: page_id=3, старые данные: url_id=%!d(bool=true), is_visibility=%!v(MISSING)', 20, '127.0.0.1', 1, NULL),
	(8100, '2024-11-07 14:09:10', 1, 3, 'Страница успешно обновлена', 'Страница успешно обновлена: page_id=108, новые данные: url_id=3, is_visibility=true, update_at=2024-11-07 14:09:28', 20, '127.0.0.1', 1, NULL),
	(8101, '2024-11-07 14:11:37', 3, 3, 'Новость не найдена', 'Новость с указанным ID не найдена', 21, '127.0.0.1', 1, NULL),
	(8102, '2024-11-07 14:11:38', 3, 3, 'Новость не найдена', 'Новость с указанным ID не найдена', 21, '127.0.0.1', 1, NULL),
	(8103, '2024-11-07 14:11:39', 3, 3, 'Новость не найдена', 'Новость с указанным ID не найдена', 21, '127.0.0.1', 1, NULL),
	(8104, '2024-11-07 14:11:40', 3, 3, 'Новость не найдена', 'Новость с указанным ID не найдена', 21, '127.0.0.1', 1, NULL),
	(8105, '2024-11-07 14:11:41', 3, 3, 'Новость не найдена', 'Новость с указанным ID не найдена', 21, '127.0.0.1', 1, NULL),
	(8106, '2024-11-07 14:11:41', 3, 3, 'Новость не найдена', 'Новость с указанным ID не найдена', 21, '127.0.0.1', 1, NULL),
	(8107, '2024-11-07 14:11:41', 3, 3, 'Новость не найдена', 'Новость с указанным ID не найдена', 21, '127.0.0.1', 1, NULL),
	(8108, '2024-11-07 14:11:42', 3, 3, 'Новость не найдена', 'Новость с указанным ID не найдена', 21, '127.0.0.1', 1, NULL),
	(8109, '2024-11-07 14:11:42', 3, 3, 'Новость не найдена', 'Новость с указанным ID не найдена', 21, '127.0.0.1', 1, NULL),
	(8110, '2024-11-07 14:11:45', 3, 3, 'Новость не найдена', 'Новость с указанным ID не найдена', 21, '127.0.0.1', 1, NULL),
	(8111, '2024-11-07 14:11:46', 3, 3, 'Новость не найдена', 'Новость с указанным ID не найдена', 21, '127.0.0.1', 1, NULL),
	(8112, '2024-11-07 14:11:47', 3, 3, 'Новость не найдена', 'Новость с указанным ID не найдена', 21, '127.0.0.1', 1, NULL),
	(8113, '2024-11-07 14:11:49', 3, 3, 'Новость не найдена', 'Новость с указанным ID не найдена', 21, '127.0.0.1', 1, NULL),
	(8114, '2024-11-07 14:11:50', 3, 3, 'Новость не найдена', 'Новость с указанным ID не найдена', 21, '127.0.0.1', 1, NULL),
	(8115, '2024-11-07 14:11:51', 3, 3, 'Новость не найдена', 'Новость с указанным ID не найдена', 21, '127.0.0.1', 1, NULL),
	(8116, '2024-11-07 14:11:52', 3, 3, 'Новость не найдена', 'Новость с указанным ID не найдена', 21, '127.0.0.1', 1, NULL),
	(8117, '2024-11-07 14:11:54', 3, 3, 'Новость не найдена', 'Новость с указанным ID не найдена', 21, '127.0.0.1', 1, NULL),
	(8118, '2024-11-07 14:11:54', 3, 3, 'Новость не найдена', 'Новость с указанным ID не найдена', 21, '127.0.0.1', 1, NULL),
	(8119, '2024-11-07 14:11:55', 3, 3, 'Новость не найдена', 'Новость с указанным ID не найдена', 21, '127.0.0.1', 1, NULL),
	(8120, '2024-11-07 14:11:55', 3, 3, 'Новость не найдена', 'Новость с указанным ID не найдена', 21, '127.0.0.1', 1, NULL),
	(8121, '2024-11-07 14:11:56', 3, 3, 'Новость не найдена', 'Новость с указанным ID не найдена', 21, '127.0.0.1', 1, NULL),
	(8122, '2024-11-07 14:11:56', 3, 3, 'Новость не найдена', 'Новость с указанным ID не найдена', 21, '127.0.0.1', 1, NULL),
	(8123, '2024-11-07 14:11:57', 3, 3, 'Новость не найдена', 'Новость с указанным ID не найдена', 21, '127.0.0.1', 1, NULL),
	(8124, '2024-11-07 14:11:59', 3, 3, 'Новость не найдена', 'Новость с указанным ID не найдена', 21, '127.0.0.1', 1, NULL),
	(8125, '2024-11-07 14:12:00', 3, 3, 'Новость не найдена', 'Новость с указанным ID не найдена', 21, '127.0.0.1', 1, NULL),
	(8126, '2024-11-07 14:12:01', 3, 3, 'Новость не найдена', 'Новость с указанным ID не найдена', 21, '127.0.0.1', 1, NULL),
	(8127, '2024-11-07 14:12:02', 3, 3, 'Новость не найдена', 'Новость с указанным ID не найдена', 21, '127.0.0.1', 1, NULL),
	(8128, '2024-11-07 14:12:03', 3, 3, 'Новость не найдена', 'Новость с указанным ID не найдена', 21, '127.0.0.1', 1, NULL),
	(8129, '2024-11-07 14:12:11', 3, 3, 'Новость не найдена', 'Новость с указанным ID не найдена', 21, '127.0.0.1', 1, NULL),
	(8130, '2024-11-07 14:12:12', 3, 3, 'Новость не найдена', 'Новость с указанным ID не найдена', 21, '127.0.0.1', 1, NULL),
	(8131, '2024-11-07 14:12:13', 3, 3, 'Новость не найдена', 'Новость с указанным ID не найдена', 21, '127.0.0.1', 1, NULL),
	(8132, '2024-11-07 14:12:14', 3, 3, 'Новость не найдена', 'Новость с указанным ID не найдена', 21, '127.0.0.1', 1, NULL),
	(8133, '2024-11-07 14:12:15', 3, 3, 'Новость не найдена', 'Новость с указанным ID не найдена', 21, '127.0.0.1', 1, NULL),
	(8134, '2024-11-07 14:12:16', 3, 3, 'Новость не найдена', 'Новость с указанным ID не найдена', 21, '127.0.0.1', 1, NULL),
	(8135, '2024-11-07 14:12:17', 3, 3, 'Новость не найдена', 'Новость с указанным ID не найдена', 21, '127.0.0.1', 1, NULL),
	(8136, '2024-11-07 14:12:19', 3, 3, 'Новость не найдена', 'Новость с указанным ID не найдена', 21, '127.0.0.1', 1, NULL),
	(8137, '2024-11-07 14:12:20', 3, 3, 'Новость не найдена', 'Новость с указанным ID не найдена', 21, '127.0.0.1', 1, NULL),
	(8138, '2024-11-07 14:12:21', 3, 3, 'Новость не найдена', 'Новость с указанным ID не найдена', 21, '127.0.0.1', 1, NULL),
	(8139, '2024-11-07 14:36:26', 1, 0, 'Сервер остановлен', 'Сервер остановлен', 1, 'fe80::5719:9a84:2de:601b/64, 192.168.0.10/24', 1, NULL),
	(8140, '2024-11-07 14:36:30', 1, 0, 'Запуск сервера', 'Сервер прослушивает localhost', 1, 'fe80::5719:9a84:2de:601b/64, 192.168.0.10/24', 1, NULL),
	(8141, '2024-11-07 14:40:15', 1, 0, 'Сервер остановлен', 'Сервер остановлен', 1, 'fe80::5719:9a84:2de:601b/64, 192.168.0.10/24', 1, NULL),
	(8142, '2024-11-08 09:09:48', 1, 0, 'Запуск сервера', 'Сервер прослушивает localhost', 1, 'fe80::5719:9a84:2de:601b/64, 192.168.0.10/24', 1, NULL),
	(8143, '2024-11-08 09:10:21', 3, 3, 'Ошибка генерации страницы', 'ошибка при синхронизации папки: ошибка при выполнении rsync: exec: "rsync": executable file not found in %PATH%\n', 18, '127.0.0.1', 1, NULL),
	(8144, '2024-11-08 09:10:44', 3, 3, 'Ошибка генерации страницы', 'ошибка при синхронизации папки: ошибка при выполнении rsync: exec: "rsync": executable file not found in %PATH%\n', 18, '127.0.0.1', 1, NULL),
	(8145, '2024-11-08 09:11:30', 3, 3, 'Ошибка генерации страницы', 'ошибка при синхронизации папки: ошибка при выполнении rsync: exec: "rsync": executable file not found in %PATH%\n', 18, '127.0.0.1', 1, NULL),
	(8146, '2024-11-08 09:11:32', 1, 0, 'Сервер остановлен', 'Сервер остановлен', 1, 'fe80::5719:9a84:2de:601b/64, 192.168.0.10/24', 1, NULL),
	(8147, '2024-11-08 09:11:53', 1, 0, 'Запуск сервера', 'Сервер прослушивает localhost', 1, 'fe80::5719:9a84:2de:601b/64, 192.168.0.10/24', 1, NULL),
	(8148, '2024-11-08 09:19:18', 1, 0, 'Сервер остановлен', 'Сервер остановлен', 1, 'fe80::5719:9a84:2de:601b/64, 192.168.0.10/24', 1, NULL),
	(8149, '2024-11-08 09:19:24', 1, 0, 'Запуск сервера', 'Сервер прослушивает localhost', 1, 'fe80::5719:9a84:2de:601b/64, 192.168.0.10/24', 1, NULL),
	(8150, '2024-11-08 13:02:45', 1, 0, 'Запуск сервера', 'Сервер прослушивает localhost', 1, 'fe80::5719:9a84:2de:601b/64, 192.168.0.10/24', 1, NULL),
	(8151, '2024-11-08 13:26:28', 1, 3, 'Редактирование страницы', 'Редактирование страницы: page_id=51, старые данные: url_id=%!d(bool=true), is_visibility=%!v(MISSING)', 20, '127.0.0.1', 1, NULL),
	(8152, '2024-11-08 13:26:29', 1, 3, 'Страница успешно обновлена', 'Страница успешно обновлена: page_id=111, новые данные: url_id=51, is_visibility=true, update_at=2024-11-08 10:26:28', 20, '127.0.0.1', 1, NULL),
	(8153, '2024-11-08 13:28:54', 1, 3, 'Редактирование страницы', 'Редактирование страницы: page_id=51, старые данные: url_id=%!d(bool=true), is_visibility=%!v(MISSING)', 20, '127.0.0.1', 1, NULL),
	(8154, '2024-11-08 13:28:55', 1, 3, 'Страница успешно обновлена', 'Страница успешно обновлена: page_id=111, новые данные: url_id=51, is_visibility=true, update_at=2024-11-08 10:28:54', 20, '127.0.0.1', 1, NULL),
	(8155, '2024-11-08 13:36:47', 1, 3, 'Редактирование страницы', 'Редактирование страницы: page_id=51, старые данные: url_id=%!d(bool=true), is_visibility=%!v(MISSING)', 20, '127.0.0.1', 1, NULL),
	(8156, '2024-11-08 13:36:47', 1, 3, 'Страница успешно обновлена', 'Страница успешно обновлена: page_id=111, новые данные: url_id=51, is_visibility=true, update_at=2024-11-08 10:36:47', 20, '127.0.0.1', 1, NULL),
	(8157, '2024-11-08 13:38:34', 1, 3, 'Редактирование страницы', 'Редактирование страницы: page_id=51, старые данные: url_id=%!d(bool=true), is_visibility=%!v(MISSING)', 20, '127.0.0.1', 1, NULL),
	(8158, '2024-11-08 13:38:34', 1, 3, 'Страница успешно обновлена', 'Страница успешно обновлена: page_id=111, новые данные: url_id=51, is_visibility=true, update_at=2024-11-08 10:38:34', 20, '127.0.0.1', 1, NULL),
	(8159, '2024-11-08 13:40:10', 1, 3, 'Редактирование страницы', 'Редактирование страницы: page_id=51, старые данные: url_id=%!d(bool=true), is_visibility=%!v(MISSING)', 20, '127.0.0.1', 1, NULL),
	(8160, '2024-11-08 13:40:11', 1, 3, 'Страница успешно обновлена', 'Страница успешно обновлена: page_id=111, новые данные: url_id=51, is_visibility=true, update_at=2024-11-08 10:40:10', 20, '127.0.0.1', 1, NULL),
	(8161, '2024-11-08 13:40:47', 1, 3, 'Редактирование страницы', 'Редактирование страницы: page_id=51, старые данные: url_id=%!d(bool=true), is_visibility=%!v(MISSING)', 20, '127.0.0.1', 1, NULL),
	(8162, '2024-11-08 13:40:48', 1, 3, 'Страница успешно обновлена', 'Страница успешно обновлена: page_id=111, новые данные: url_id=51, is_visibility=true, update_at=2024-11-08 10:40:47', 20, '127.0.0.1', 1, NULL),
	(8163, '2024-11-08 13:54:54', 1, 3, 'Редактирование страницы', 'Редактирование страницы: page_id=58, старые данные: url_id=%!d(bool=true), is_visibility=%!v(MISSING)', 20, '127.0.0.1', 1, NULL),
	(8164, '2024-11-08 13:54:54', 1, 3, 'Страница успешно обновлена', 'Страница успешно обновлена: page_id=189, новые данные: url_id=58, is_visibility=true, update_at=2024-11-08 10:54:54', 20, '127.0.0.1', 1, NULL),
	(8165, '2024-11-08 14:09:29', 1, 3, 'Редактирование страницы', 'Редактирование страницы: page_id=58, старые данные: url_id=%!d(bool=true), is_visibility=%!v(MISSING)', 20, '127.0.0.1', 1, NULL),
	(8166, '2024-11-08 14:09:30', 1, 3, 'Страница успешно обновлена', 'Страница успешно обновлена: page_id=189, новые данные: url_id=58, is_visibility=true, update_at=2024-11-08 11:09:29', 20, '127.0.0.1', 1, NULL),
	(8167, '2024-11-08 14:18:39', 1, 3, 'Редактирование страницы', 'Редактирование страницы: page_id=58, старые данные: url_id=%!d(bool=true), is_visibility=%!v(MISSING)', 20, '127.0.0.1', 1, NULL),
	(8168, '2024-11-08 14:18:39', 1, 3, 'Страница успешно обновлена', 'Страница успешно обновлена: page_id=189, новые данные: url_id=58, is_visibility=true, update_at=2024-11-08 11:18:39', 20, '127.0.0.1', 1, NULL),
	(8169, '2024-11-08 14:26:03', 1, 0, 'Сервер остановлен', 'Сервер остановлен', 1, 'fe80::5719:9a84:2de:601b/64, 192.168.0.10/24', 1, NULL),
	(8170, '2024-11-08 14:26:05', 1, 0, 'Запуск сервера', 'Сервер прослушивает localhost', 1, 'fe80::5719:9a84:2de:601b/64, 192.168.0.10/24', 1, NULL),
	(8171, '2024-11-08 14:28:13', 1, 0, 'Сервер остановлен', 'Сервер остановлен', 1, 'fe80::5719:9a84:2de:601b/64, 192.168.0.10/24', 1, NULL),
	(8172, '2024-11-08 14:28:16', 1, 0, 'Запуск сервера', 'Сервер прослушивает localhost', 1, 'fe80::5719:9a84:2de:601b/64, 192.168.0.10/24', 1, NULL),
	(8173, '2024-11-08 14:28:54', 1, 0, 'Сервер остановлен', 'Сервер остановлен', 1, 'fe80::5719:9a84:2de:601b/64, 192.168.0.10/24', 1, NULL),
	(8174, '2024-11-08 14:28:57', 1, 0, 'Запуск сервера', 'Сервер прослушивает localhost', 1, 'fe80::5719:9a84:2de:601b/64, 192.168.0.10/24', 1, NULL),
	(8175, '2024-11-08 14:29:52', 1, 0, 'Сервер остановлен', 'Сервер остановлен', 1, 'fe80::5719:9a84:2de:601b/64, 192.168.0.10/24', 1, NULL),
	(8176, '2024-11-08 14:29:54', 1, 0, 'Запуск сервера', 'Сервер прослушивает localhost', 1, 'fe80::5719:9a84:2de:601b/64, 192.168.0.10/24', 1, NULL),
	(8177, '2024-11-08 14:30:20', 1, 0, 'Сервер остановлен', 'Сервер остановлен', 1, 'fe80::5719:9a84:2de:601b/64, 192.168.0.10/24', 1, NULL),
	(8178, '2024-11-08 14:30:23', 1, 0, 'Запуск сервера', 'Сервер прослушивает localhost', 1, 'fe80::5719:9a84:2de:601b/64, 192.168.0.10/24', 1, NULL),
	(8179, '2024-11-08 14:50:19', 1, 3, 'Редактирование страницы', 'Редактирование страницы: page_id=66, старые данные: url_id=%!d(bool=true), is_visibility=%!v(MISSING)', 20, '127.0.0.1', 1, NULL),
	(8180, '2024-11-08 14:50:19', 1, 3, 'Страница успешно обновлена', 'Страница успешно обновлена: page_id=188, новые данные: url_id=66, is_visibility=true, update_at=2024-11-08 11:50:19', 20, '127.0.0.1', 1, NULL),
	(8181, '2024-11-08 19:59:10', 1, 3, 'Вход в аккаунт', 'Вход m1ron', 2, '127.0.0.1', 1, NULL),
	(8182, '2024-11-08 19:59:50', 1, 3, 'Редактирование страницы', 'Редактирование страницы: page_id=3, старые данные: url_id=%!d(bool=true), is_visibility=%!v(MISSING)', 20, '127.0.0.1', 1, NULL),
	(8183, '2024-11-08 19:59:50', 1, 3, 'Страница успешно обновлена', 'Страница успешно обновлена: page_id=108, новые данные: url_id=3, is_visibility=true, update_at=2024-11-08 16:59:50', 20, '127.0.0.1', 1, NULL),
	(8184, '2024-11-08 20:01:12', 1, 3, 'Редактирование страницы', 'Редактирование страницы: page_id=3, старые данные: url_id=%!d(bool=true), is_visibility=%!v(MISSING)', 20, '127.0.0.1', 1, NULL),
	(8185, '2024-11-08 20:01:12', 1, 3, 'Страница успешно обновлена', 'Страница успешно обновлена: page_id=108, новые данные: url_id=3, is_visibility=true, update_at=2024-11-08 17:01:12', 20, '127.0.0.1', 1, NULL),
	(8186, '2024-11-08 20:03:10', 1, 3, 'Редактирование страницы', 'Редактирование страницы: page_id=3, старые данные: url_id=%!d(bool=true), is_visibility=%!v(MISSING)', 20, '127.0.0.1', 1, NULL),
	(8187, '2024-11-08 20:03:10', 1, 3, 'Страница успешно обновлена', 'Страница успешно обновлена: page_id=108, новые данные: url_id=3, is_visibility=true, update_at=2024-11-08 17:03:10', 20, '127.0.0.1', 1, NULL),
	(8188, '2024-11-08 20:05:33', 1, 3, 'Редактирование страницы', 'Редактирование страницы: page_id=3, старые данные: url_id=%!d(bool=true), is_visibility=%!v(MISSING)', 20, '127.0.0.1', 1, NULL),
	(8189, '2024-11-08 20:05:33', 1, 3, 'Страница успешно обновлена', 'Страница успешно обновлена: page_id=108, новые данные: url_id=3, is_visibility=true, update_at=2024-11-08 17:05:33', 20, '127.0.0.1', 1, NULL),
	(8190, '2024-11-08 20:05:50', 1, 3, 'Редактирование страницы', 'Редактирование страницы: page_id=3, старые данные: url_id=%!d(bool=true), is_visibility=%!v(MISSING)', 20, '127.0.0.1', 1, NULL),
	(8191, '2024-11-08 20:05:51', 1, 3, 'Страница успешно обновлена', 'Страница успешно обновлена: page_id=108, новые данные: url_id=3, is_visibility=true, update_at=2024-11-08 17:05:50', 20, '127.0.0.1', 1, NULL),
	(8192, '2024-11-08 20:06:03', 1, 3, 'Редактирование страницы', 'Редактирование страницы: page_id=3, старые данные: url_id=%!d(bool=true), is_visibility=%!v(MISSING)', 20, '127.0.0.1', 1, NULL),
	(8193, '2024-11-08 20:06:03', 1, 3, 'Страница успешно обновлена', 'Страница успешно обновлена: page_id=108, новые данные: url_id=3, is_visibility=true, update_at=2024-11-08 17:06:03', 20, '127.0.0.1', 1, NULL),
	(8194, '2024-11-08 20:06:43', 1, 3, 'Редактирование страницы', 'Редактирование страницы: page_id=3, старые данные: url_id=%!d(bool=true), is_visibility=%!v(MISSING)', 20, '127.0.0.1', 1, NULL),
	(8195, '2024-11-08 20:06:43', 1, 3, 'Страница успешно обновлена', 'Страница успешно обновлена: page_id=108, новые данные: url_id=3, is_visibility=true, update_at=2024-11-08 17:06:43', 20, '127.0.0.1', 1, NULL),
	(8196, '2024-11-08 20:14:35', 1, 3, 'Редактирование страницы', 'Редактирование страницы: page_id=3, старые данные: url_id=%!d(bool=true), is_visibility=%!v(MISSING)', 20, '127.0.0.1', 1, NULL),
	(8197, '2024-11-08 20:14:36', 1, 3, 'Страница успешно обновлена', 'Страница успешно обновлена: page_id=108, новые данные: url_id=3, is_visibility=true, update_at=2024-11-08 17:14:35', 20, '127.0.0.1', 1, NULL),
	(8198, '2024-11-08 20:14:52', 1, 3, 'Редактирование страницы', 'Редактирование страницы: page_id=3, старые данные: url_id=%!d(bool=true), is_visibility=%!v(MISSING)', 20, '127.0.0.1', 1, NULL),
	(8199, '2024-11-08 20:14:53', 1, 3, 'Страница успешно обновлена', 'Страница успешно обновлена: page_id=108, новые данные: url_id=3, is_visibility=true, update_at=2024-11-08 17:14:52', 20, '127.0.0.1', 1, NULL),
	(8200, '2024-11-08 20:15:42', 1, 3, 'Редактирование страницы', 'Редактирование страницы: page_id=3, старые данные: url_id=%!d(bool=true), is_visibility=%!v(MISSING)', 20, '127.0.0.1', 1, NULL),
	(8201, '2024-11-08 20:15:43', 1, 3, 'Страница успешно обновлена', 'Страница успешно обновлена: page_id=108, новые данные: url_id=3, is_visibility=true, update_at=2024-11-08 17:15:42', 20, '127.0.0.1', 1, NULL),
	(8202, '2024-11-08 20:22:35', 1, 3, 'Редактирование страницы', 'Редактирование страницы: page_id=3, старые данные: url_id=%!d(bool=true), is_visibility=%!v(MISSING)', 20, '127.0.0.1', 1, NULL),
	(8203, '2024-11-08 20:22:35', 1, 3, 'Страница успешно обновлена', 'Страница успешно обновлена: page_id=108, новые данные: url_id=3, is_visibility=true, update_at=2024-11-08 17:22:35', 20, '127.0.0.1', 1, NULL),
	(8204, '2024-11-08 20:26:23', 1, 3, 'Редактирование страницы', 'Редактирование страницы: page_id=3, старые данные: url_id=%!d(bool=true), is_visibility=%!v(MISSING)', 20, '127.0.0.1', 1, NULL),
	(8205, '2024-11-08 20:26:24', 1, 3, 'Страница успешно обновлена', 'Страница успешно обновлена: page_id=108, новые данные: url_id=3, is_visibility=true, update_at=2024-11-08 17:26:23', 20, '127.0.0.1', 1, NULL),
	(8206, '2024-11-08 20:32:41', 1, 3, 'Редактирование страницы', 'Редактирование страницы: page_id=3, старые данные: url_id=%!d(bool=true), is_visibility=%!v(MISSING)', 20, '127.0.0.1', 1, NULL),
	(8207, '2024-11-08 20:32:41', 1, 3, 'Страница успешно обновлена', 'Страница успешно обновлена: page_id=108, новые данные: url_id=3, is_visibility=true, update_at=2024-11-08 17:32:41', 20, '127.0.0.1', 1, NULL),
	(8208, '2024-11-08 20:35:31', 1, 3, 'Редактирование страницы', 'Редактирование страницы: page_id=52, старые данные: url_id=%!d(bool=true), is_visibility=%!v(MISSING)', 20, '127.0.0.1', 1, NULL),
	(8209, '2024-11-08 20:35:31', 1, 3, 'Страница успешно обновлена', 'Страница успешно обновлена: page_id=112, новые данные: url_id=52, is_visibility=true, update_at=2024-11-08 17:35:31', 20, '127.0.0.1', 1, NULL),
	(8210, '2024-11-08 20:38:01', 1, 3, 'Редактирование страницы', 'Редактирование страницы: page_id=52, старые данные: url_id=%!d(bool=true), is_visibility=%!v(MISSING)', 20, '127.0.0.1', 1, NULL),
	(8211, '2024-11-08 20:38:02', 1, 3, 'Страница успешно обновлена', 'Страница успешно обновлена: page_id=112, новые данные: url_id=52, is_visibility=true, update_at=2024-11-08 17:38:01', 20, '127.0.0.1', 1, NULL),
	(8212, '2024-11-08 20:53:22', 1, 3, 'Редактирование страницы', 'Редактирование страницы: page_id=2, старые данные: url_id=%!d(bool=true), is_visibility=%!v(MISSING)', 20, '127.0.0.1', 1, NULL),
	(8213, '2024-11-08 20:53:22', 1, 3, 'Страница успешно обновлена', 'Страница успешно обновлена: page_id=36, новые данные: url_id=2, is_visibility=true, update_at=2024-11-08 17:53:22', 20, '127.0.0.1', 1, NULL),
	(8214, '2024-11-08 20:53:52', 1, 3, 'Редактирование страницы', 'Редактирование страницы: page_id=2, старые данные: url_id=%!d(bool=true), is_visibility=%!v(MISSING)', 20, '127.0.0.1', 1, NULL),
	(8215, '2024-11-08 20:53:53', 1, 3, 'Страница успешно обновлена', 'Страница успешно обновлена: page_id=36, новые данные: url_id=2, is_visibility=true, update_at=2024-11-08 17:53:52', 20, '127.0.0.1', 1, NULL),
	(8216, '2024-11-10 15:55:04', 1, 0, 'Запуск сервера', 'Сервер прослушивает localhost', 1, 'fe80::5719:9a84:2de:601b/64, 192.168.0.10/24', 1, NULL),
	(8217, '2024-11-10 15:55:22', 1, 3, 'Вход в аккаунт', 'Вход m1ron', 2, '127.0.0.1', 1, NULL),
	(8218, '2024-11-10 16:25:59', 1, 3, 'Редактирование страницы', 'Редактирование страницы: page_id=6, старые данные: url_id=%!d(bool=true), is_visibility=%!v(MISSING)', 20, '127.0.0.1', 1, NULL),
	(8219, '2024-11-10 16:25:59', 1, 3, 'Страница успешно обновлена', 'Страница успешно обновлена: page_id=71, новые данные: url_id=6, is_visibility=true, update_at=2024-11-10 13:25:59', 20, '127.0.0.1', 1, NULL),
	(8220, '2024-11-10 17:07:24', 1, 3, 'Редактирование страницы', 'Редактирование страницы: page_id=6, старые данные: url_id=%!d(bool=true), is_visibility=%!v(MISSING)', 20, '127.0.0.1', 1, NULL),
	(8221, '2024-11-10 17:07:24', 1, 3, 'Страница успешно обновлена', 'Страница успешно обновлена: page_id=71, новые данные: url_id=6, is_visibility=true, update_at=2024-11-10 14:07:24', 20, '127.0.0.1', 1, NULL),
	(8222, '2024-11-10 17:11:12', 1, 3, 'Редактирование страницы', 'Редактирование страницы: page_id=6, старые данные: url_id=%!d(bool=true), is_visibility=%!v(MISSING)', 20, '127.0.0.1', 1, NULL),
	(8223, '2024-11-10 17:11:12', 1, 3, 'Страница успешно обновлена', 'Страница успешно обновлена: page_id=71, новые данные: url_id=6, is_visibility=true, update_at=2024-11-10 14:11:12', 20, '127.0.0.1', 1, NULL),
	(8224, '2024-11-10 17:11:53', 1, 3, 'Редактирование страницы', 'Редактирование страницы: page_id=6, старые данные: url_id=%!d(bool=true), is_visibility=%!v(MISSING)', 20, '127.0.0.1', 1, NULL),
	(8225, '2024-11-10 17:11:53', 1, 3, 'Страница успешно обновлена', 'Страница успешно обновлена: page_id=71, новые данные: url_id=6, is_visibility=true, update_at=2024-11-10 14:11:53', 20, '127.0.0.1', 1, NULL),
	(8226, '2024-11-15 18:47:15', 1, 0, 'Запуск сервера', 'Сервер прослушивает localhost', 1, 'fe80::5719:9a84:2de:601b/64, 192.168.0.10/24', 1, NULL),
	(8227, '2024-11-15 18:47:38', 1, 3, 'Вход в аккаунт', 'Вход m1ron', 2, '127.0.0.1', 1, NULL),
	(8228, '2024-11-15 19:00:12', 1, 0, 'Запуск сервера', 'Сервер прослушивает localhost', 1, 'fe80::5719:9a84:2de:601b/64, 192.168.0.10/24', 1, NULL),
	(8229, '2024-11-17 14:32:09', 1, 0, 'Запуск сервера', 'Сервер прослушивает localhost', 1, 'fe80::5719:9a84:2de:601b/64, 192.168.0.10/24', 1, NULL),
	(8230, '2024-11-17 14:33:48', 1, 3, 'Вход в аккаунт', 'Вход m1ron', 2, '127.0.0.1', 1, NULL),
	(8231, '2024-11-17 15:31:44', 1, 3, 'Редактирование страницы', 'Редактирование страницы: page_id=53, старые данные: url_id=%!d(bool=true), is_visibility=%!v(MISSING)', 20, '127.0.0.1', 1, NULL),
	(8232, '2024-11-17 15:31:45', 1, 3, 'Страница успешно обновлена', 'Страница успешно обновлена: page_id=113, новые данные: url_id=53, is_visibility=true, update_at=2024-11-17 12:31:44', 20, '127.0.0.1', 1, NULL),
	(8233, '2024-11-17 15:32:51', 1, 3, 'Редактирование страницы', 'Редактирование страницы: page_id=72, старые данные: url_id=%!d(bool=true), is_visibility=%!v(MISSING)', 20, '127.0.0.1', 1, NULL),
	(8234, '2024-11-17 15:32:52', 1, 3, 'Страница успешно обновлена', 'Страница успешно обновлена: page_id=138, новые данные: url_id=72, is_visibility=true, update_at=2024-11-17 12:32:51', 20, '127.0.0.1', 1, NULL),
	(8235, '2024-11-17 15:55:52', 1, 3, 'Редактирование страницы', 'Редактирование страницы: page_id=2, старые данные: url_id=%!d(bool=true), is_visibility=%!v(MISSING)', 20, '127.0.0.1', 1, NULL),
	(8236, '2024-11-17 15:55:53', 1, 3, 'Страница успешно обновлена', 'Страница успешно обновлена: page_id=36, новые данные: url_id=2, is_visibility=true, update_at=2024-11-17 12:55:52', 20, '127.0.0.1', 1, NULL),
	(8237, '2024-11-17 15:57:49', 1, 3, 'Редактирование страницы', 'Редактирование страницы: page_id=59, старые данные: url_id=%!d(bool=true), is_visibility=%!v(MISSING)', 20, '127.0.0.1', 1, NULL),
	(8238, '2024-11-17 15:57:50', 1, 3, 'Страница успешно обновлена', 'Страница успешно обновлена: page_id=70, новые данные: url_id=59, is_visibility=true, update_at=2024-11-17 12:57:49', 20, '127.0.0.1', 1, NULL),
	(8239, '2024-11-17 16:03:47', 1, 3, 'Редактирование страницы', 'Редактирование страницы: page_id=59, старые данные: url_id=%!d(bool=true), is_visibility=%!v(MISSING)', 20, '127.0.0.1', 1, NULL),
	(8240, '2024-11-17 16:03:47', 1, 3, 'Страница успешно обновлена', 'Страница успешно обновлена: page_id=70, новые данные: url_id=59, is_visibility=true, update_at=2024-11-17 13:03:47', 20, '127.0.0.1', 1, NULL),
	(8241, '2024-11-17 16:19:18', 1, 3, 'Редактирование страницы', 'Редактирование страницы: page_id=59, старые данные: url_id=%!d(bool=true), is_visibility=%!v(MISSING)', 20, '127.0.0.1', 1, NULL),
	(8242, '2024-11-17 16:19:18', 1, 3, 'Страница успешно обновлена', 'Страница успешно обновлена: page_id=70, новые данные: url_id=59, is_visibility=true, update_at=2024-11-17 13:19:18', 20, '127.0.0.1', 1, NULL),
	(8243, '2024-11-17 16:24:52', 1, 3, 'Редактирование страницы', 'Редактирование страницы: page_id=60, старые данные: url_id=%!d(bool=true), is_visibility=%!v(MISSING)', 20, '127.0.0.1', 1, NULL),
	(8244, '2024-11-17 16:24:52', 1, 3, 'Страница успешно обновлена', 'Страница успешно обновлена: page_id=68, новые данные: url_id=60, is_visibility=true, update_at=2024-11-17 13:24:52', 20, '127.0.0.1', 1, NULL),
	(8245, '2024-11-17 16:26:20', 1, 3, 'Редактирование страницы', 'Редактирование страницы: page_id=60, старые данные: url_id=%!d(bool=true), is_visibility=%!v(MISSING)', 20, '127.0.0.1', 1, NULL),
	(8246, '2024-11-17 16:26:20', 1, 3, 'Страница успешно обновлена', 'Страница успешно обновлена: page_id=68, новые данные: url_id=60, is_visibility=true, update_at=2024-11-17 13:26:20', 20, '127.0.0.1', 1, NULL),
	(8247, '2024-11-17 16:26:36', 1, 3, 'Редактирование страницы', 'Редактирование страницы: page_id=60, старые данные: url_id=%!d(bool=true), is_visibility=%!v(MISSING)', 20, '127.0.0.1', 1, NULL),
	(8248, '2024-11-17 16:26:37', 1, 3, 'Страница успешно обновлена', 'Страница успешно обновлена: page_id=68, новые данные: url_id=60, is_visibility=true, update_at=2024-11-17 13:26:36', 20, '127.0.0.1', 1, NULL),
	(8249, '2024-11-17 17:22:20', 1, 3, 'Редактирование страницы', 'Редактирование страницы: page_id=31, старые данные: url_id=%!d(bool=true), is_visibility=%!v(MISSING)', 20, '127.0.0.1', 1, NULL),
	(8250, '2024-11-17 17:22:20', 1, 3, 'Страница успешно обновлена', 'Страница успешно обновлена: page_id=84, новые данные: url_id=31, is_visibility=true, update_at=2024-11-17 14:22:20', 20, '127.0.0.1', 1, NULL),
	(8251, '2024-11-17 17:27:47', 1, 3, 'Редактирование страницы', 'Редактирование страницы: page_id=61, старые данные: url_id=%!d(bool=true), is_visibility=%!v(MISSING)', 20, '127.0.0.1', 1, NULL),
	(8252, '2024-11-17 17:27:47', 1, 3, 'Страница успешно обновлена', 'Страница успешно обновлена: page_id=127, новые данные: url_id=61, is_visibility=true, update_at=2024-11-17 14:27:47', 20, '127.0.0.1', 1, NULL),
	(8253, '2024-11-17 17:28:30', 1, 3, 'Редактирование страницы', 'Редактирование страницы: page_id=6, старые данные: url_id=%!d(bool=true), is_visibility=%!v(MISSING)', 20, '127.0.0.1', 1, NULL),
	(8254, '2024-11-17 17:28:31', 1, 3, 'Страница успешно обновлена', 'Страница успешно обновлена: page_id=71, новые данные: url_id=6, is_visibility=true, update_at=2024-11-17 14:28:30', 20, '127.0.0.1', 1, NULL),
	(8255, '2024-11-17 17:48:21', 1, 3, 'Редактирование страницы', 'Редактирование страницы: page_id=49, старые данные: url_id=%!d(bool=true), is_visibility=%!v(MISSING)', 20, '127.0.0.1', 1, NULL),
	(8256, '2024-11-17 17:48:22', 1, 3, 'Страница успешно обновлена', 'Страница успешно обновлена: page_id=109, новые данные: url_id=49, is_visibility=true, update_at=2024-11-17 14:48:21', 20, '127.0.0.1', 1, NULL),
	(8257, '2024-11-17 18:53:55', 1, 3, 'Редактирование страницы', 'Редактирование страницы: page_id=64, старые данные: url_id=%!d(bool=true), is_visibility=%!v(MISSING)', 20, '127.0.0.1', 1, NULL),
	(8258, '2024-11-17 18:53:55', 1, 3, 'Страница успешно обновлена', 'Страница успешно обновлена: page_id=126, новые данные: url_id=64, is_visibility=true, update_at=2024-11-17 15:53:55', 20, '127.0.0.1', 1, NULL),
	(8259, '2024-11-17 18:55:47', 1, 3, 'Редактирование страницы', 'Редактирование страницы: page_id=62, старые данные: url_id=%!d(bool=true), is_visibility=%!v(MISSING)', 20, '127.0.0.1', 1, NULL),
	(8260, '2024-11-17 18:55:47', 1, 3, 'Страница успешно обновлена', 'Страница успешно обновлена: page_id=128, новые данные: url_id=62, is_visibility=true, update_at=2024-11-17 15:55:47', 20, '127.0.0.1', 1, NULL),
	(8261, '2024-11-17 19:03:42', 1, 3, 'Редактирование страницы', 'Редактирование страницы: page_id=4, старые данные: url_id=%!d(bool=true), is_visibility=%!v(MISSING)', 20, '127.0.0.1', 1, NULL),
	(8262, '2024-11-17 19:03:42', 1, 3, 'Страница успешно обновлена', 'Страница успешно обновлена: page_id=110, новые данные: url_id=4, is_visibility=true, update_at=2024-11-17 16:03:42', 20, '127.0.0.1', 1, NULL),
	(8263, '2024-11-17 20:59:32', 1, 3, 'Редактирование страницы', 'Редактирование страницы: page_id=65, старые данные: url_id=%!d(bool=true), is_visibility=%!v(MISSING)', 20, '127.0.0.1', 1, NULL),
	(8264, '2024-11-17 20:59:32', 1, 3, 'Страница успешно обновлена', 'Страница успешно обновлена: page_id=130, новые данные: url_id=65, is_visibility=true, update_at=2024-11-17 17:59:32', 20, '127.0.0.1', 1, NULL),
	(8265, '2024-11-19 07:05:07', 1, 0, 'Сервер остановлен', 'Сервер остановлен', 1, 'fe80::1336:7019:d7df:6215/64, 192.168.150.183/24', 1, NULL),
	(8266, '2024-11-30 09:44:02', 1, 0, 'Запуск сервера', 'Сервер прослушивает localhost', 1, 'fe80::5719:9a84:2de:601b/64, 192.168.0.10/24', 1, NULL),
	(8267, '2024-11-30 10:17:16', 1, 3, 'Редактирование страницы', 'Редактирование страницы: page_id=57, старые данные: url_id=%!d(bool=true), is_visibility=%!v(MISSING)', 20, '127.0.0.1', 1, NULL),
	(8268, '2024-11-30 10:17:38', 1, 3, 'Страница успешно обновлена', 'Страница успешно обновлена: page_id=117, новые данные: url_id=57, is_visibility=true, update_at=2024-11-30 10:17:25', 20, '127.0.0.1', 1, NULL),
	(8269, '2024-11-30 10:32:19', 1, 3, 'Редактирование страницы', 'Редактирование страницы: page_id=57, старые данные: url_id=%!d(bool=true), is_visibility=%!v(MISSING)', 20, '127.0.0.1', 1, NULL),
	(8270, '2024-11-30 10:32:42', 1, 3, 'Страница успешно обновлена', 'Страница успешно обновлена: page_id=117, новые данные: url_id=57, is_visibility=true, update_at=2024-11-30 10:32:28', 20, '127.0.0.1', 1, NULL),
	(8271, '2024-11-30 10:32:55', 1, 0, 'Сервер остановлен', 'Сервер остановлен', 1, 'fe80::5719:9a84:2de:601b/64, 192.168.0.10/24', 1, NULL),
	(8272, '2024-11-30 13:35:34', 1, 0, 'Сервер остановлен', 'Сервер остановлен', 1, 'fe80::5719:9a84:2de:601b/64, 192.168.0.10/24', 1, NULL),
	(8273, '2024-11-30 13:35:36', 1, 0, 'Запуск сервера', 'Сервер прослушивает localhost', 1, 'fe80::5719:9a84:2de:601b/64, 192.168.0.10/24', 1, NULL),
	(8274, '2024-11-30 13:36:30', 1, 3, 'Редактирование страницы', 'Редактирование страницы: page_id=57, старые данные: url_id=%!d(bool=true), is_visibility=%!v(MISSING)', 20, '127.0.0.1', 1, NULL),
	(8275, '2024-11-30 13:36:31', 1, 3, 'Страница успешно обновлена', 'Страница успешно обновлена: page_id=117, новые данные: url_id=57, is_visibility=true, update_at=2024-11-30 10:36:30', 20, '127.0.0.1', 1, NULL),
	(8276, '2024-11-30 14:22:06', 1, 3, 'Редактирование страницы', 'Редактирование страницы: page_id=67, старые данные: url_id=%!d(bool=true), is_visibility=%!v(MISSING)', 20, '127.0.0.1', 1, NULL),
	(8277, '2024-11-30 14:22:07', 1, 3, 'Страница успешно обновлена', 'Страница успешно обновлена: page_id=132, новые данные: url_id=67, is_visibility=true, update_at=2024-11-30 11:22:06', 20, '127.0.0.1', 1, NULL),
	(8278, '2024-11-30 14:22:28', 1, 3, 'Редактирование страницы', 'Редактирование страницы: page_id=67, старые данные: url_id=%!d(bool=true), is_visibility=%!v(MISSING)', 20, '127.0.0.1', 1, NULL),
	(8279, '2024-11-30 14:22:29', 1, 3, 'Страница успешно обновлена', 'Страница успешно обновлена: page_id=132, новые данные: url_id=67, is_visibility=true, update_at=2024-11-30 11:22:28', 20, '127.0.0.1', 1, NULL),
	(8280, '2024-11-30 14:35:22', 1, 3, 'Редактирование страницы', 'Редактирование страницы: page_id=68, старые данные: url_id=%!d(bool=true), is_visibility=%!v(MISSING)', 20, '127.0.0.1', 1, NULL),
	(8281, '2024-11-30 14:35:22', 1, 3, 'Страница успешно обновлена', 'Страница успешно обновлена: page_id=133, новые данные: url_id=68, is_visibility=true, update_at=2024-11-30 11:35:22', 20, '127.0.0.1', 1, NULL),
	(8282, '2024-11-30 15:32:08', 1, 3, 'Редактирование страницы', 'Редактирование страницы: page_id=69, старые данные: url_id=%!d(bool=true), is_visibility=%!v(MISSING)', 20, '127.0.0.1', 1, NULL),
	(8283, '2024-11-30 15:32:09', 1, 3, 'Страница успешно обновлена', 'Страница успешно обновлена: page_id=135, новые данные: url_id=69, is_visibility=true, update_at=2024-11-30 12:32:08', 20, '127.0.0.1', 1, NULL),
	(8284, '2024-11-30 15:44:33', 1, 3, 'Редактирование страницы', 'Редактирование страницы: page_id=70, старые данные: url_id=%!d(bool=true), is_visibility=%!v(MISSING)', 20, '127.0.0.1', 1, NULL),
	(8285, '2024-11-30 15:44:34', 1, 3, 'Страница успешно обновлена', 'Страница успешно обновлена: page_id=136, новые данные: url_id=70, is_visibility=true, update_at=2024-11-30 12:44:33', 20, '127.0.0.1', 1, NULL),
	(8286, '2024-11-30 15:53:37', 1, 3, 'Редактирование страницы', 'Редактирование страницы: page_id=71, старые данные: url_id=%!d(bool=true), is_visibility=%!v(MISSING)', 20, '127.0.0.1', 1, NULL),
	(8287, '2024-11-30 15:53:38', 1, 3, 'Страница успешно обновлена', 'Страница успешно обновлена: page_id=137, новые данные: url_id=71, is_visibility=true, update_at=2024-11-30 12:53:37', 20, '127.0.0.1', 1, NULL),
	(8288, '2024-11-30 15:54:30', 1, 3, 'Редактирование страницы', 'Редактирование страницы: page_id=72, старые данные: url_id=%!d(bool=true), is_visibility=%!v(MISSING)', 20, '127.0.0.1', 1, NULL),
	(8289, '2024-11-30 15:54:31', 1, 3, 'Страница успешно обновлена', 'Страница успешно обновлена: page_id=138, новые данные: url_id=72, is_visibility=true, update_at=2024-11-30 12:54:30', 20, '127.0.0.1', 1, NULL),
	(8290, '2024-12-01 12:51:28', 1, 3, 'Вход в аккаунт', 'Вход m1ron', 2, '127.0.0.1', 1, NULL),
	(8291, '2024-12-01 12:54:31', 1, 3, 'Редактирование страницы', 'Редактирование страницы: page_id=72, старые данные: url_id=%!d(bool=true), is_visibility=%!v(MISSING)', 20, '127.0.0.1', 1, NULL),
	(8292, '2024-12-01 12:54:32', 1, 3, 'Страница успешно обновлена', 'Страница успешно обновлена: page_id=138, новые данные: url_id=72, is_visibility=true, update_at=2024-12-01 09:54:31', 20, '127.0.0.1', 1, NULL),
	(8293, '2024-12-01 12:58:31', 1, 3, 'Редактирование страницы', 'Редактирование страницы: page_id=73, старые данные: url_id=%!d(bool=true), is_visibility=%!v(MISSING)', 20, '127.0.0.1', 1, NULL),
	(8294, '2024-12-01 12:58:32', 1, 3, 'Страница успешно обновлена', 'Страница успешно обновлена: page_id=140, новые данные: url_id=73, is_visibility=true, update_at=2024-12-01 09:58:31', 20, '127.0.0.1', 1, NULL),
	(8295, '2024-12-01 13:09:12', 1, 3, 'Редактирование страницы', 'Редактирование страницы: page_id=74, старые данные: url_id=%!d(bool=true), is_visibility=%!v(MISSING)', 20, '127.0.0.1', 1, NULL),
	(8296, '2024-12-01 13:09:12', 1, 3, 'Страница успешно обновлена', 'Страница успешно обновлена: page_id=142, новые данные: url_id=74, is_visibility=true, update_at=2024-12-01 10:09:12', 20, '127.0.0.1', 1, NULL),
	(8297, '2024-12-01 15:27:00', 1, 3, 'Редактирование страницы', 'Редактирование страницы: page_id=75, старые данные: url_id=%!d(bool=true), is_visibility=%!v(MISSING)', 20, '127.0.0.1', 1, NULL),
	(8298, '2024-12-01 15:27:01', 1, 3, 'Страница успешно обновлена', 'Страница успешно обновлена: page_id=143, новые данные: url_id=75, is_visibility=true, update_at=2024-12-01 12:27:00', 20, '127.0.0.1', 1, NULL),
	(8299, '2024-12-01 15:49:15', 1, 3, 'Редактирование страницы', 'Редактирование страницы: page_id=76, старые данные: url_id=%!d(bool=true), is_visibility=%!v(MISSING)', 20, '127.0.0.1', 1, NULL),
	(8300, '2024-12-01 15:49:15', 1, 3, 'Страница успешно обновлена', 'Страница успешно обновлена: page_id=144, новые данные: url_id=76, is_visibility=true, update_at=2024-12-01 12:49:15', 20, '127.0.0.1', 1, NULL),
	(8301, '2024-12-01 15:58:37', 1, 3, 'Редактирование страницы', 'Редактирование страницы: page_id=77, старые данные: url_id=%!d(bool=true), is_visibility=%!v(MISSING)', 20, '127.0.0.1', 1, NULL),
	(8302, '2024-12-01 15:58:38', 1, 3, 'Страница успешно обновлена', 'Страница успешно обновлена: page_id=145, новые данные: url_id=77, is_visibility=true, update_at=2024-12-01 12:58:37', 20, '127.0.0.1', 1, NULL),
	(8303, '2024-12-01 16:02:47', 1, 3, 'Редактирование страницы', 'Редактирование страницы: page_id=78, старые данные: url_id=%!d(bool=true), is_visibility=%!v(MISSING)', 20, '127.0.0.1', 1, NULL),
	(8304, '2024-12-01 16:02:48', 1, 3, 'Страница успешно обновлена', 'Страница успешно обновлена: page_id=148, новые данные: url_id=78, is_visibility=true, update_at=2024-12-01 13:02:47', 20, '127.0.0.1', 1, NULL),
	(8305, '2024-12-01 16:06:08', 1, 3, 'Редактирование страницы', 'Редактирование страницы: page_id=79, старые данные: url_id=%!d(bool=true), is_visibility=%!v(MISSING)', 20, '127.0.0.1', 1, NULL),
	(8306, '2024-12-01 16:06:09', 1, 3, 'Страница успешно обновлена', 'Страница успешно обновлена: page_id=147, новые данные: url_id=79, is_visibility=true, update_at=2024-12-01 13:06:08', 20, '127.0.0.1', 1, NULL),
	(8307, '2024-12-01 16:11:46', 1, 3, 'Редактирование страницы', 'Редактирование страницы: page_id=80, старые данные: url_id=%!d(bool=true), is_visibility=%!v(MISSING)', 20, '127.0.0.1', 1, NULL),
	(8308, '2024-12-01 16:11:46', 1, 3, 'Страница успешно обновлена', 'Страница успешно обновлена: page_id=149, новые данные: url_id=80, is_visibility=true, update_at=2024-12-01 13:11:46', 20, '127.0.0.1', 1, NULL),
	(8309, '2024-12-01 16:31:51', 1, 3, 'Редактирование страницы', 'Редактирование страницы: page_id=80, старые данные: url_id=%!d(bool=true), is_visibility=%!v(MISSING)', 20, '127.0.0.1', 1, NULL),
	(8310, '2024-12-01 16:31:52', 1, 3, 'Страница успешно обновлена', 'Страница успешно обновлена: page_id=149, новые данные: url_id=80, is_visibility=true, update_at=2024-12-01 13:31:51', 20, '127.0.0.1', 1, NULL);

-- Дамп структуры для таблица blog_electronchik.log_event_type
CREATE TABLE IF NOT EXISTS `log_event_type` (
  `uid` int unsigned NOT NULL AUTO_INCREMENT,
  `name` text NOT NULL,
  PRIMARY KEY (`uid`),
  UNIQUE KEY `uid_UNIQUE` (`uid`)
) ENGINE=InnoDB AUTO_INCREMENT=29 DEFAULT CHARSET=utf8mb3;

-- Дамп данных таблицы blog_electronchik.log_event_type: ~28 rows (приблизительно)
DELETE FROM `log_event_type`;
INSERT INTO `log_event_type` (`uid`, `name`) VALUES
	(1, 'Сервер'),
	(2, 'Вход в аккаунт'),
	(3, 'Блокировка аккаунта'),
	(4, 'Добавление нового пользователя'),
	(5, 'Редактирование пользователя'),
	(6, 'Удаление пользователя'),
	(7, 'Выход из аккаунта'),
	(8, 'Не найдено'),
	(9, 'Путь'),
	(10, 'Удаление данных'),
	(11, 'Конвертация данных'),
	(12, 'Токен'),
	(13, 'IPv4'),
	(14, 'Парсинг JSON'),
	(15, 'JSON'),
	(16, 'Неавторизован'),
	(17, 'Генерация новостей'),
	(18, 'Генерация страниц'),
	(19, 'Вставка данных'),
	(20, 'Обновление данных'),
	(21, 'Получение данных'),
	(22, 'Отправка файлов'),
	(23, 'Получение файлов'),
	(24, 'Копирование файла'),
	(25, 'Создание файла'),
	(26, 'Папка'),
	(27, 'Куки'),
	(28, 'Отправка сообщение по почте');

-- Дамп структуры для таблица blog_electronchik.log_level
CREATE TABLE IF NOT EXISTS `log_level` (
  `uid` int NOT NULL AUTO_INCREMENT,
  `name` varchar(45) NOT NULL,
  PRIMARY KEY (`uid`),
  UNIQUE KEY `level_name_UNIQUE` (`name`)
) ENGINE=InnoDB AUTO_INCREMENT=5 DEFAULT CHARSET=latin1;

-- Дамп данных таблицы blog_electronchik.log_level: ~4 rows (приблизительно)
DELETE FROM `log_level`;
INSERT INTO `log_level` (`uid`, `name`) VALUES
	(4, 'DEBUG'),
	(3, 'ERROR'),
	(1, 'INFO'),
	(2, 'WARNING');

-- Дамп структуры для таблица blog_electronchik.messages
CREATE TABLE IF NOT EXISTS `messages` (
  `id` int NOT NULL AUTO_INCREMENT,
  `chat_id` int NOT NULL,
  `sender_id` int DEFAULT NULL,
  `content` text CHARACTER SET utf8mb4 COLLATE utf8mb4_0900_ai_ci NOT NULL,
  `is_read` tinyint(1) NOT NULL DEFAULT '0',
  `created_at` timestamp NOT NULL DEFAULT CURRENT_TIMESTAMP,
  `updated_at` timestamp NULL DEFAULT NULL,
  `is_deleted` tinyint(1) NOT NULL DEFAULT '0',
  PRIMARY KEY (`id`),
  KEY `chat_id` (`chat_id`),
  CONSTRAINT `messages_ibfk_1` FOREIGN KEY (`chat_id`) REFERENCES `chats` (`id`) ON DELETE CASCADE
) ENGINE=InnoDB AUTO_INCREMENT=13 DEFAULT CHARSET=utf8mb4 COLLATE=utf8mb4_0900_ai_ci;

-- Дамп данных таблицы blog_electronchik.messages: ~8 rows (приблизительно)
DELETE FROM `messages`;
INSERT INTO `messages` (`id`, `chat_id`, `sender_id`, `content`, `is_read`, `created_at`, `updated_at`, `is_deleted`) VALUES
	(4, 5, 4, 'HI!!!!', 0, '2025-02-13 14:33:47', NULL, 0),
	(5, 5, 41, 'hiiiii!', 0, '2025-02-13 14:40:06', NULL, 0),
	(7, 5, 4, 'ddd', 0, '2025-02-13 18:19:25', NULL, 0),
	(8, 5, 4, '111', 0, '2025-02-13 18:21:27', NULL, 0),
	(9, 5, 41, '32313', 0, '2025-02-13 18:35:00', NULL, 0),
	(10, 5, 4, '333', 0, '2025-02-13 18:35:04', NULL, 0),
	(11, 5, 41, 'hhh', 0, '2025-02-13 18:39:32', NULL, 0),
	(12, 5, 41, 'b', 0, '2025-02-13 18:39:34', NULL, 0);

-- Дамп структуры для таблица blog_electronchik.news
CREATE TABLE IF NOT EXISTS `news` (
  `uid` int unsigned NOT NULL AUTO_INCREMENT,
  `created_at` datetime DEFAULT CURRENT_TIMESTAMP,
  `update_at` datetime DEFAULT CURRENT_TIMESTAMP ON UPDATE CURRENT_TIMESTAMP,
  `is_visibility` tinyint DEFAULT '0',
  `user_id` int unsigned DEFAULT NULL,
  `image` varchar(255) DEFAULT 'default.png',
  `title` text,
  `preview` text CHARACTER SET utf8mb3 COLLATE utf8mb3_general_ci,
  `content` longtext,
  `json` longtext,
  PRIMARY KEY (`uid`)
) ENGINE=InnoDB AUTO_INCREMENT=62 DEFAULT CHARSET=utf8mb3;

-- Дамп данных таблицы blog_electronchik.news: ~4 rows (приблизительно)
DELETE FROM `news`;
INSERT INTO `news` (`uid`, `created_at`, `update_at`, `is_visibility`, `user_id`, `image`, `title`, `preview`, `content`, `json`) VALUES
	(33, '2023-05-23 06:27:38', '2025-02-02 14:04:39', 1, 4, 'https://www.shutterstock.com/image-vector/image-icon-600nw-211642900.jpg', 'Largest US addiction treatment provider notifies patients of data breach', 'BayMark Health Services... personal and health information in a September 2024 breach.', 'BayMark Health Services... personal and health information in a September 2024 breach.', ''),
	(34, '2024-05-15 13:26:03', '2025-02-02 14:04:40', 1, 4, 'https://www.shutterstock.com/image-vector/image-icon-600nw-211642900.jpg', 'Bologna FC confirms data breach after RansomHub ransomware attack', 'Bologna Football Club 1909 has confirmed it suffered a ransomware attack...', 'Bologna Football Club 1909 has confirmed it suffered a ransomware attack...', ''),
	(36, '2024-08-27 13:26:03', '2025-02-02 14:04:41', 1, 4, 'https://www.shutterstock.com/image-vector/image-icon-600nw-211642900.jpg', 'New Ymir ransomware partners with RustyStealer in attacks', 'A new ransomware family called \'Ymir\' has been spotted in the wild...', 'A new ransomware family called \'Ymir\' has been spotted in the wild...', ''),
	(61, '2025-02-03 18:32:28', '2025-02-13 16:48:29', 0, 4, '/static/media/Screenshot 2023-03-13 174422_1739345519.png', 'dsadsсс', 'aadaddasыывв', '<p style="text-align:left;">adsaddad222</p><p style="text-align:left;">1111113333</p>', '{"time":1739454509882,"blocks":[{"id":"McYP-RlqgL","type":"paragraph","data":{"text":"adsaddad222","alignment":"left"}},{"id":"RoRh4eWOly","type":"paragraph","data":{"text":"1111113333","alignment":"left"}}],"version":"2.30.1"}');

-- Дамп структуры для таблица blog_electronchik.order_service
CREATE TABLE IF NOT EXISTS `order_service` (
  `content` longtext CHARACTER SET utf8mb4 COLLATE utf8mb4_0900_ai_ci NOT NULL,
  `json` longtext CHARACTER SET utf8mb4 COLLATE utf8mb4_0900_ai_ci NOT NULL
) ENGINE=InnoDB DEFAULT CHARSET=utf8mb4 COLLATE=utf8mb4_0900_ai_ci;

-- Дамп данных таблицы blog_electronchik.order_service: ~1 rows (приблизительно)
DELETE FROM `order_service`;
INSERT INTO `order_service` (`content`, `json`) VALUES
	('<div class="page-text-wrapper">\n              <p>Order a service</p>\n            </div>', '{"time":1738738266357,"blocks":[{"id":"YvQ0v2eQZR","type":"p","data":{"text":"<p>Order a service</p>"}}],"version":"2.30.1"}');

-- Дамп структуры для таблица blog_electronchik.terms_and_conditions
CREATE TABLE IF NOT EXISTS `terms_and_conditions` (
  `content` longtext,
  `json` longtext
) ENGINE=InnoDB DEFAULT CHARSET=latin1;

-- Дамп данных таблицы blog_electronchik.terms_and_conditions: ~1 rows (приблизительно)
DELETE FROM `terms_and_conditions`;
INSERT INTO `terms_and_conditions` (`content`, `json`) VALUES
	('<div class="page-text-wrapper">\n              <p style="text-align: center;">Terms and Conditions</p>\n<p><img style="display: block; margin-left: auto; margin-right: auto;" src="../static/media/Screenshot 2023-09-15 122706_1739345157.png" alt="My description" width="167" height="286"></p>\n            </div>', '{"time":1739349551549,"blocks":[{"id":"1nRlui53wp","type":"p","data":{"text":"<p style=\\"text-align: center;\\">Terms and Conditions</p>\\n<p><img style=\\"display: block; margin-left: auto; margin-right: auto;\\" src=\\"../static/media/Screenshot 2023-09-15 122706_1739345157.png\\" alt=\\"My description\\" width=\\"167\\" height=\\"286\\"></p>"}}],"version":"2.30.1"}');

-- Дамп структуры для таблица blog_electronchik.used_folders
CREATE TABLE IF NOT EXISTS `used_folders` (
  `id` int NOT NULL AUTO_INCREMENT,
  `user_id` int NOT NULL,
  `leaked_id` int NOT NULL,
  `folder_name` varchar(255) NOT NULL,
  `archive_number` varchar(50) CHARACTER SET latin1 COLLATE latin1_swedish_ci NOT NULL DEFAULT '1',
  `status` enum('pending','assigned','completed') CHARACTER SET latin1 COLLATE latin1_swedish_ci NOT NULL DEFAULT 'assigned',
  `created_at` timestamp NOT NULL DEFAULT CURRENT_TIMESTAMP,
  PRIMARY KEY (`id`),
  UNIQUE KEY `archive_number` (`archive_number`),
  KEY `user_id` (`user_id`),
  KEY `company_id` (`leaked_id`) USING BTREE,
  CONSTRAINT `used_folders_ibfk_1` FOREIGN KEY (`user_id`) REFERENCES `users` (`uid`) ON DELETE CASCADE,
  CONSTRAINT `used_folders_ibfk_2` FOREIGN KEY (`leaked_id`) REFERENCES `leaked` (`id`) ON DELETE CASCADE
) ENGINE=InnoDB AUTO_INCREMENT=2 DEFAULT CHARSET=latin1;

-- Дамп данных таблицы blog_electronchik.used_folders: ~0 rows (приблизительно)
DELETE FROM `used_folders`;
INSERT INTO `used_folders` (`id`, `user_id`, `leaked_id`, `folder_name`, `archive_number`, `status`, `created_at`) VALUES
	(1, 41, 36, 'archive_1', '1', 'assigned', '2025-02-13 14:27:25');

-- Дамп структуры для таблица blog_electronchik.users
CREATE TABLE IF NOT EXISTS `users` (
  `uid` int NOT NULL AUTO_INCREMENT,
  `name` varchar(50) NOT NULL,
  `login` varchar(50) CHARACTER SET latin1 COLLATE latin1_swedish_ci NOT NULL,
  `password_hash` text CHARACTER SET latin1 COLLATE latin1_swedish_ci NOT NULL,
  `registration_date` datetime NOT NULL DEFAULT CURRENT_TIMESTAMP,
  `status_id` int NOT NULL DEFAULT '1',
  `role_id` int NOT NULL DEFAULT '2',
  `last_login` datetime DEFAULT NULL,
  `ipv4` varchar(50) CHARACTER SET latin1 COLLATE latin1_swedish_ci DEFAULT NULL,
  `login_attempts` int NOT NULL DEFAULT '0',
  `token` varchar(255) CHARACTER SET latin1 COLLATE latin1_swedish_ci DEFAULT NULL,
  `token_creation` datetime DEFAULT NULL,
  `refresh_token` varchar(255) DEFAULT NULL,
  `email` text,
  PRIMARY KEY (`uid`),
  UNIQUE KEY `login_UNIQUE` (`login`),
  UNIQUE KEY `token_UNIQUE` (`token`)
) ENGINE=InnoDB AUTO_INCREMENT=43 DEFAULT CHARSET=utf8mb3;

-- Дамп данных таблицы blog_electronchik.users: ~3 rows (приблизительно)
DELETE FROM `users`;
INSERT INTO `users` (`uid`, `name`, `login`, `password_hash`, `registration_date`, `status_id`, `role_id`, `last_login`, `ipv4`, `login_attempts`, `token`, `token_creation`, `refresh_token`, `email`) VALUES
	(4, 'root1', 'root1', '$2a$10$gN.fub8knZfwagApDdZgr..ubB9VAEYgDg072eg0TTBh6vPoZgZca', '2025-01-31 23:31:20', 1, 1, NULL, NULL, 0, NULL, NULL, NULL, NULL),
	(5, 'root', 'root', '$2a$10$gN.fub8knZfwagApDdZgr..ubB9VAEYgDg072eg0TTBh6vPoZgZca', '2025-01-31 23:31:20', 1, 1, NULL, NULL, 0, NULL, NULL, NULL, NULL),
	(41, 'user_test1', 'user_test1', '$2a$10$I1ZOwu7vVyN8zBP1p4Ajy.3noWeVR8vjhkb2qGJTr3QF0gTQuHFIy', '2025-02-06 14:50:47', 1, 2, NULL, NULL, 0, NULL, NULL, NULL, NULL);

/*!40103 SET TIME_ZONE=IFNULL(@OLD_TIME_ZONE, 'system') */;
/*!40101 SET SQL_MODE=IFNULL(@OLD_SQL_MODE, '') */;
/*!40014 SET FOREIGN_KEY_CHECKS=IFNULL(@OLD_FOREIGN_KEY_CHECKS, 1) */;
/*!40101 SET CHARACTER_SET_CLIENT=@OLD_CHARACTER_SET_CLIENT */;
/*!40111 SET SQL_NOTES=IFNULL(@OLD_SQL_NOTES, 1) */;
